客户号,客户全称,开户日期,销户日期,手机,证件号码,状态,备注,地址,交易中心,客户证券现货内部资金账户,客户证券现货内部资金账户开户日期,法人,客户性质,客户类,开户操作员,销户操作员,客户反洗钱风险等级
," 共有客户：",,,,,,,,,,,,,526,,,
00100,山西省饲料公司贸易部,,20080523,,,销户,,20040402删除郑州编码14800010,第三交易中心,,,,法人,0106904604[山西分公司-营销部-营销一部-太原侯方团队-侯方维护],,lrh3,
0051,郑州天地人面粉实业有限公司,,20080523,,,销户,2002.07.23切结,中国,第三交易中心,,,,法人,2001______[郑州营业部-公共维护-__-__-__],,gjx3,
00812,津鑫公司,,20080523,,,销户,,中国,第三交易中心,,,,法人,0106904604[山西分公司-营销部-营销一部-太原侯方团队-侯方维护],,lrh3,
00900,昌东公司,,20091029,,,销户,,中国,第三交易中心,,,,法人,0106904604[山西分公司-营销部-营销一部-太原侯方团队-侯方维护],,bgm,
01073,榆次开发区华茂纺业有限公司,20040601,20080523,,,销户,,20040601开20060331切结,第三交易中心,,,,法人,0106904603[山西分公司-营销部-营销一部-太原侯方团队-侯方开发],,fry3,
01106,山西华茂纺织有限公司,20060123,20131113,,74106765-9,销户,20060123开户,"中国  20060123开户",第三交易中心,,,雷梅琴,法人,0106904603[山西分公司-营销部-营销一部-太原侯方团队-侯方开发],,wjn1,
01168,山西远通工贸有限公司,20080707,20180530,15935619815,74107865-7,销户,2008.7.6开户,山西省太原市长风街31号,第三交易中心,,,李徐玲,法人,0101______[山西分公司-公共维护-__-__-__],lrh3,xn1,
05180,山西省饲料公司,20040220,,13903437993,11001268-6,只可平仓,,中国山西省太原市晋祠路一段33号,第三交易中心,,,李嘉春,法人,0101______[山西分公司-公共维护-__-__-__],888,,
05311,阳泉信通投资管理有限公司,20050428,20091029,,,销户,,2005.04.29开户,第三交易中心,,,,法人,0106904603[山西分公司-营销部-营销一部-太原侯方团队-侯方开发],,bgm,
05888,山西同元铜业有限公司,20040628,20091029,,,销户,,20040628开,第三交易中心,,,,法人,0101______[山西分公司-公共维护-__-__-__],,bgm,
06000,山西物产民丰化工有限公司,20080123,20140404,,75725312-2,销户,2008.01.23开户,山西省太原市小店区长风街31号,第三交易中心,,,赵国民,法人,0106904604[山西分公司-营销部-营销一部-太原侯方团队-侯方维护],fry3,wjn1,
08551066,河南濮阳国家粮食储备库,20081208,,13903933600,17395069-6,只可平仓,20081208,河南省濮阳市石化路东段,第三交易中心,,,韩振玺,法人,200609____[郑州营业部-营销部-营销马振华-__-__],lrh3,,
09119502,山西双威进出口贸易有限公司,20090930,20120614,,73189856-3,销户,,山西省太原市滨河花苑2号楼10层7号,第三交易中心,,,郭美彬,法人,0101______[山西分公司-公共维护-__-__-__],gsd4,xn1,
09120008,广西黑五类物流有限公司,20090209,20100120,,450921000000455,销户,"2009.2.10开户    10.1.20切结",广西省南宁市双拥路36号6楼,第三交易中心,,,李汉朝,法人,3001______[南宁营业部-公共维护-__-__-__],gjx3,fry3,
09120123,广西翔吉贸易有限公司,20090526,,13788117777,78211780-0,只可平仓,,广西壮族自治区南宁市广西省南宁市高新区北环路9号,第三交易中心,,,吴堪吉,法人,3001______[南宁营业部-公共维护-__-__-__],gy3,,
09215200,临猗县晋达纺织有限公司,20091014,,,75150472-8,只可平仓,,山西省运城市临猗县北景,第三交易中心,,,李启厦,法人,0201______[运城营业部-公共维护-__-__-__],gsd3,,
09219551,太原市金泰宇建筑材料有限公司,20091021,20180716,,70115149-3,销户,,山西省太原市迎泽区并州西街6号,第三交易中心,,,张跃平,法人,0101______[山西分公司-公共维护-__-__-__],yzj2,xn1,
09220988,广西南方农业开发经营有限责任公司,20090629,,13377154130,76305372-5,只可平仓,,中国广西壮族自治区玉林市容县容州镇侨乡大道10号,第三交易中心,,,仇德和,法人,3002hc____[南宁营业部-居间-南宁居间曾冬生-__-__],dhm2,,
09262058,天津市汇福商贸有限公司,20090924,,,72751447-5,只可平仓,,天津市河西区天津市河西区解放南路349号盈海公寓A座3楼,第三交易中心,,,凌建华,法人,0801______[天津营业部-公共维护-__-__-__],gsd4,,
09262199,天津冶金轧一钢铁集团有限公司,20091210,,13312098880,73282683-6,只可平仓,,天津市西青区王稳庄镇政府北,第三交易中心,,,孟照勤,法人,0801______[天津营业部-公共维护-__-__-__],zlm2,,
09519036,山西欧海商贸有限公司,20091210,,13453159460,73931001-5,只可平仓,,中国山西省太原市旱西门街40号,第三交易中心,,,高文变,法人,010616____[山西分公司-营销部-营销陈阜东-__-__],zcb3,,
09522222,海伦市鑫宇粮油有限公司,20090421,20100324,,232304100006533,销户,2009.4.21,黑龙江省海伦市东林乡战胜村6组,第三交易中心,,,刘海军,法人,350437____[大连分公司-后台-大连后台路成立-__-__],gy3,gjx3,
09526026,山西宝佳钢铁工贸有限公司,20091222,20180802,18603412511,75154470-3,销户,,中国山西省太原市奇天瑞钢材市场北A区9号,第三交易中心,,,吕海红,法人,400112____[机构业务二部-公共维护-总部后台杨永红-__-__],zyf2,xn1,
09562010,绍兴县圣辉轻化有限公司,20090828,,13706757772,3306212001759,只可平仓,,浙江省绍兴市浙江省绍兴县钱清原料市场一区1207号，1209号,第三交易中心,,,孙观尧,法人,0801______[天津营业部-公共维护-__-__-__],gsd3,,
0A888,龙胜达公司,,20091029,,1401001300845,销户,2002.10.14转入00,中国,第三交易中心,,,,法人,020224____[运城营业部-居间-居间杨东华-__-__],,bgm,
10112003,宣化信元物资有限公司,20100421,20160408,13323233208,75025161-8,销户,,河北省张家口市宣化区河沿街15号,第三交易中心,,,李海清,法人,0302ea____[大同营业部-居间-大同居间赵斌-__-__],wyl2,wjn1,
10115988,运城市雨露贸易有限公司,20101210,,18603448888,67015789-1,只可平仓,20101210,山西省运城市盐湖区学院路,第三交易中心,,,张俊虎,法人,02069094__[运城营业部-营销部-营销一部-运城赵江-__],yt2,,
10126031,燕园创新（北京）投资管理有限公司,20100709,,15601001232,55688327-5,只可平仓,,中国北京市海淀区北二街8号7层810,第三交易中心,,,孙飞,法人,10________[总部公共部-__-__-__-__],jxl2,,
10129078,上海才云贸易有限公司,20101110,,13917055396,55295203-4,只可平仓,,中国上海市浦东新区芳甸路1088号,第三交易中心,,,刘爱兵,法人,1001______[总部公共部-公共维护-__-__-__],wcy,,
10162116,天津仁方钢铁有限公司,20100412,,13752666288,120110000002713,只可平仓,20100412,天津市东丽区津塘二线铁闽钢市A10-18,第三交易中心,,,叶建,法人,0801______[天津营业部-公共维护-__-__-__],zlm2,,
10162118,天津兆润达钢管有限公司,20100412,,15022683898,120222000048876,只可平仓,20100412,天津市东丽区津塘二线铁闽钢市A7-363,第三交易中心,,,肖家桂,法人,0801______[天津营业部-公共维护-__-__-__],zlm2,,
10215280,山西华晋纺织印染有限公司,20101110,,13903597618,72594318-8,只可平仓,20101111,山西省运城市临猗县城南大街339号,第三交易中心,,,荆英杰,法人,0201______[运城营业部-公共维护-__-__-__],yt2,,
10215588,山西恒晟纺织有限公司,20101013,20120813,,1427241000343,销户,,山西省运城市临猗县南内环西路1478号,第三交易中心,,,郭长胜,法人,0201______[运城营业部-公共维护-__-__-__],yt2,gjx3,
10219001,太原秋冶贸易有限公司,20100308,20130902,,775164510,销户,,山西省太原市杏花岭区新建北路358号宇泓大厦A702室,第三交易中心,,,卫新阳,法人,0102ta____[山西分公司-居间-山西分居间宋茹梅-__-__],gsd3,xn1,
10220888,梧州市同润铜业有限公司,20100816,,13807745141,55226947-0,只可平仓,,中国广西壮族自治区梧州市工业园区工业大道6号,第三交易中心,,,邵子阳,法人,3001______[南宁营业部-公共维护-__-__-__],dhm2,,
10251066,河南华韵控股集团有限公司,20100308,20181008,13303928998,67805076-5,销户,,中国河南省鹤壁市山城区春雷路南段东建行电力支行办公楼,第三交易中心,,,吴保印,法人,2002zx____[郑州营业部-居间-郑州居间牛德清-__-__],zll2,xn1,
10251503,洛阳华龙旅游汽车有限公司,20100928,20181112,,79193474-9,销户,,中国河南省洛阳市老城区环城南路19号,第三交易中心,,,周全福,法人,2001______[郑州营业部-公共维护-__-__-__],zll2,xn1,
10251666,郑州长运物资有限公司,20101227,,15890147119,76312140-9,只可平仓,,中国河南省郑州市管城区十八里河镇大王庄村2号,第三交易中心,,,彭春霞,法人,2001______[郑州营业部-公共维护-__-__-__],zll2,,
10251672,郑州德亿重工机器制造有限公司,20101230,,13937172576,17050138-5,只可平仓,,中国河南省郑州市未来大道71号院,第三交易中心,,,卫振中,法人,2001______[郑州营业部-公共维护-__-__-__],zll2,,
10262079,天津蔚铭工贸有限公司,20100601,,,76430670-4,只可平仓,,天津市河东区十一经路81号天星河畔广场2409,第三交易中心,,,赵莉云,法人,0801______[天津营业部-公共维护-__-__-__],zlm2,,
10319001,上海京宇实业发展有限公司,20100928,,13934597510,672735309,只可平仓,,上海市奉贤区庄行镇南亭公路1176号,第三交易中心,,,杨定基,法人,0103______[山西分公司-证券-__-__-__],yzj2,,
10326002,上海湾东贸易商行,20100824,,13811558553,68102225-5,只可平仓,,中国北京市朝阳区朝阳公园西里11号京达公寓10#18E,第三交易中心,,,王紫靖,法人,4003______[机构业务二部-证券-__-__-__],zcb3,,
10326006,北京宽谷德金投资发展中心（有限合伙）,20101122,,13911136308,56036244-8,只可平仓,,北京市朝阳区东三环北路38号院3号楼6层704,第三交易中心,,,谢叶飞,法人,4003______[机构业务二部-证券-__-__-__],mcb2,,
10351600,河南通达电缆股份有限公司,20101122,20120717,13703798383,X1482884-5,销户,,中国河南省洛阳市偃师市史家湾工业区,第三交易中心,,,史万福,法人,2003______[郑州营业部-证券-__-__-__],zll2,xn1,
10519021,山西物产金属材料有限公司,20100810,20140522,13994206432,701132321,销户,,山西省太原市长风街11号,第三交易中心,,,郭有文,法人,010480____[山西分公司-后台-总部后台陈丽萍-__-__],gsd3,xn1,
10523019,包头市方园羊绒制品有限责任公司,20100630,,13947262288,72011605-2,只可平仓,,内蒙古自治区包头市稀土高新区稀土路29号,第三交易中心,,,乔鑫,法人,1606b2____[包头营业部-营销部-营销张伟-__-__],cf1,,
10523021,鄂尔多斯市万福兴商贸有限责任公司,20100728,,13947700388,55546057-X,只可平仓,,内蒙古自治区鄂尔多斯市东胜区郝家圪卜福宝建材市场内,第三交易中心,,,刘福厚,法人,1601______[包头营业部-公共维护-__-__-__],cf1,,
11119531,太原市博尔贸易有限公司,20110628,,13903465483,561331467,只可平仓,20110628,山西省太原市万柏林区滨河物贸中心东二排南4、5号,第三交易中心,,,赵德永,法人,0101______[山西分公司-公共维护-__-__-__],yzj2,,
11119532,太原金工工矿设备制造有限公司,20110629,20180814,13593148722,56134011-X,销户,,中国山西省太原市太原经济技术开发区南畔社区268号,第三交易中心,,,金晋生,法人,0101______[山西分公司-公共维护-__-__-__],gxj2,xn1,
11119533,山西双和贸易有限公司,20110629,20120627,13834237358,785808439,销户,20110629,山西省太原市小店区坞城北街42号,第三交易中心,,,王秀梅,法人,0101______[山西分公司-公共维护-__-__-__],yzj2,xn1,
11119535,山西星际酒店用品有限公司,20110701,20180903,13931466921,672331646,销户,,山西省太原市杏花岭区小沟坡东街16号,第三交易中心,,,杨志尧,法人,0101______[山西分公司-公共维护-__-__-__],yzj2,xn1,
11120020,广西安正工贸有限责任公司,20111025,20210908,13978770737,79431190-X,销户,,广西壮族自治区南宁市星光大道223号A-2栋2单元507号房,第三交易中心,,,陈智安,法人,3001______[南宁营业部-公共维护-__-__-__],wz003,dhz,
11128108,佛山市金泽强贸易有限公司,20110517,20200522,13825588888,71227044-7,销户,,中国广东省佛山市顺德区大良新蚬ひ登三队商铺,第三交易中心,,,郭志强,法人,4101____23[广东分公司-公共维护-__-__-广州归属营业部],v6s9010001,dhz,
11128360,广东和诚创富投资发展有限公司,20110808,20180802,13480218751,69357043-5,销户,,中国广东省广州市天河区盈彩街2号之三701房,第三交易中心,,,龙吉跃,法人,2002zr__23[郑州营业部-居间-1-__-广州归属营业部],zll2,xn1,
11129015,上海楚迈实业有限公司,20110301,,13761383398,68550242-4,只可平仓,,中国上海市宝山区友谊路1588弄2号805室,第三交易中心,,,李明,法人,1001______[总部公共部-公共维护-__-__-__],jxl2,,
11151599,河南金牡丹投资有限公司,20110926,20180807,13523420009,57922696-4,销户,,中国河南省郑州市金水路218号楼1单元9-903,第三交易中心,,,张烨,法人,2006__58__[郑州营业部-营销部-__-营销万玉霞-__],zyf2,xn1,
11315001,洛阳南琼商贸有限公司,20110705,,,67805106-3,只可平仓,,河南省洛阳市西工区春都路聚客隆陶瓷城一排2栋3号,第三交易中心,,,王育楠,法人,0203______[运城营业部-证券-__-__-__],yt2,,
11351611,洛阳市致力实业有限公司,20111118,,15637982777,61482891-0,只可平仓,,中国河南省洛阳市偃师市府店镇西口孜村,第三交易中心,,,王志宏,法人,2001______[郑州营业部-公共维护-__-__-__],zll2,,
11386002,海南舜邦金属贸易有限公司,20110107,,13928685123,69890214-4,只可平仓,20110110,海南省儋州市洋浦保税港区贸易物流大厦310房,第三交易中心,,,陈炜东,法人,6503______[广州金穗路证券营业部-证券-__-__-__],801,,
11518002,太原市万柏林区阿祥家厨五金配件经销部,20110622,20130729,13303516402,L25554109,销户,20110620,山西省太原市万柏林区和平装饰家园A区13-1号,第三交易中心,,,温芬,法人,0104a8____[山西分公司-后台-山西分公司后台王武珍-__-__],gsd3,wjn1,
11519511,太原市晋太行物资供应中心二部,20110530,,13603589623,L37279765,只可平仓,,山西省太原市万柏林区滨河物贸中心东四排南18号,第三交易中心,,,刘变莲,法人,010616____[山西分公司-营销部-营销陈阜东-__-__],yzj2,,
11519588,山西金水桥智能科技有限公司,20111121,20180907,13015340940,77251517-8,销户,,中国山西省太原市万柏林区千峰南路大王小区北区9幢402号,第三交易中心,,,冯翠仙,法人,010141____[山西分公司-公共维护-总部后台冯莉-__-__],gxj2,xn1,
11522918,哈尔滨精膳坊米业有限公司,20110113,,13804620578,67695887-6,只可平仓,,黑龙江省哈尔滨市木兰县木兰镇建设街二委十组,第三交易中心,,,于颖,法人,3504d2____[大连分公司-后台-大连后台彭吉祥-__-__],zyh2,,
11819,山西兆丰铝冶有限公司,,20080527,,,销户,2007.12.7切结,中国,第三交易中心,,,,法人,0401______[阳泉营业部-公共维护-__-__-__],,lrh3,
12126046,北京国宏金汇资产管理中心（有限合伙）,20120702,,13301160175,59068303-1,只可平仓,,北京市西城区后海南沿前井胡同7号,第三交易中心,,,李斌,法人,400690ca__[机构业务二部-营销部-营销一部-北京营销杨玫-__],mcb2,,
12128035,广州市天高有限公司,20121123,,13802909951,61863299-0,只可平仓,,中国广东省广州市天河区天河北路689号光大银行大厦16楼C1、C4、B1、B2、D1房,第三交易中心,,,李佳明,法人,4101____23[广东分公司-公共维护-__-__-广州归属营业部],zll2,,
12128300,佛山市广赢金属有限公司,20120227,20180820,13536631070,79933860-X,销户,,广东省佛山市南海区大沥太平高尔夫路太平工业区,第三交易中心,,,何新娥,法人,4101______[广东分公司-公共维护-__-__-__],zx,xn1,
12128301,佛山市南海仁昌金属有限公司,20120228,20180810,13794069288,76842962-1,销户,20120228,广东省佛山市南海区官窑永和官西村孙土岗,第三交易中心,,,何开英,法人,4101______[广东分公司-公共维护-__-__-__],zx,xn1,
12326001,北京恒介工程咨询有限公司,20120417,20151102,15811279330,78899920-X,销户,,北京市朝阳区高碑店乡高井传媒文化园8号南广场,第三交易中心,,,徐洪钰,法人,4004cn____[机构业务二部-后台-总部后台刘鹤辉-__-__],mcb2,xn1,
12381030,南阳天骄棉业有限公司,20120913,,13723000976,75226336-4,只可平仓,,河南省南阳市宛城区长江路中段,第三交易中心,,,蔡士闪,法人,6303______[南阳仲景南路证券营业部-证券-__-__-__],1201,,
12510001,湖北银丰棉花股份有限公司,20120615,20130724,,76413110-7,销户,,湖北省武汉市江岸区青岛路7号银丰大厦4038交易部,第三交易中心,,,江新学,法人,1001______[总部公共部-公共维护-__-__-__],gsd3,xn1,
12510006,上海生沁投资管理合伙企业(有限合伙),20121128,,13738197979,59162358-3,只可平仓,,中国上海市金山区张堰镇松金公路2758号1幢A2088室,第三交易中心,,,万新星,法人,1001______[总部公共部-公共维护-__-__-__],jxl2,,
12510008,中农集团通用化工有限公司,20120817,20210319,13911751217,55857935-7,销户,,中国北京市西城区宣武门外大街甲1号,第三交易中心,,,郭妍,法人,1004cn____[总部公共部-后台-总部后台刘鹤辉-__-__],v6s9010002,dhz,
12510016,中农集团通用化工(天津)有限公司,20121129,20210319,13911751217,59290531-2,销户,,中国北京市西城区宣武门外大街甲1号C座14层020,第三交易中心,,,李智勇,法人,1004cn____[总部公共部-后台-总部后台刘鹤辉-__-__],v6s9010002,dhz,
12523008,包头市永安隆物贸有限责任公司,20120330,,13904722386,24052465-5,只可平仓,,内蒙古自治区包头市九原区白音席勒办事处包白公路1.5公里西侧,第三交易中心,,,侯永和,法人,1606b2____[包头营业部-营销部-营销张伟-__-__],cf1,,
12523009,内蒙古中钢物资有限公司,20120330,,15904721889,75666210-0,只可平仓,,内蒙古自治区包头市东河区木材公司院内,第三交易中心,,,郑建炳,法人,1606b2____[包头营业部-营销部-营销张伟-__-__],cf1,,
12523011,包头市鸿鹿商贸有限责任公司,20120628,20180716,13224729957,793642387,销户,,内蒙古自治区包头市东河区胜利路132号,第三交易中心,,,赵林龙,法人,1606b2____[包头营业部-营销部-营销张伟-__-__],cf1,xn1,
12523013,包头市亿晟贸易有限责任公司,20121226,20150420,13664842229,69007247-3,销户,,内蒙古自治区包头市青山区110国道726公里处,第三交易中心,,,王文斌,法人,1606b2____[包头营业部-营销部-营销张伟-__-__],cf1,xn1,
12523015,包头市大和物流有限公司,20121231,20141126,13848624188,56122723X,销户,,内蒙古自治区包头市九原区建设路中段南侧,第三交易中心,,,段成宝,法人,1606b2____[包头营业部-营销部-营销张伟-__-__],cf1,xn1,
12523016,包头市鼎信钢铁贸易有限公司,20121231,20180718,13804725883,699485653,销户,,内蒙古自治区包头市东河区木材公司院内,第三交易中心,,,王晓军,法人,1606b2____[包头营业部-营销部-营销张伟-__-__],cf1,xn1,
12626005,河南省平顶山泓利煤焦有限公司,20121102,,15003757817,72864583-X,只可平仓,,河南省平顶山市新华区矿工路与体育路交叉口,第三交易中心,,,吕建华,法人,4004cn____[机构业务二部-后台-总部后台刘鹤辉-__-__],mcb2,,
12628001,广州鑫源恒业电力线路器材股份有限公司,20120621,,13802804539,73156009-5,只可平仓,,广东省广州市增城新塘镇永和陂头村石虎山（土名）,第三交易中心,,,文小玲,法人,410690gg__[广东分公司-营销部-营销一部-广州黄志锋-__],zx,,
12628008,大成基金管理有限公司,20130114,20170601,13925292191,71092433-9,销户,,广东省深圳市福田区深南大道7088号招商银行大厦32层,第三交易中心,,,张树忠,法人,4104cn____[广东分公司-后台-总部后台刘鹤辉-__-__],yj1,xn1,
12651668,河南通达电缆股份有限公司,20120719,20180727,13383876888,X1482884-5,销户,,中国河南省洛阳市偃师市史家湾工业区,第三交易中心,,,史万福,法人,2001______[郑州营业部-公共维护-__-__-__],zll2,xn1,
13100,大同市睿和贸易有限责任公司,20080129,20091125,13100024946,,销户,09.11.25销户,山西省大同市北大街宏业楼二层,第三交易中心,,,王文权,法人,0301______[大同营业部-公共维护-__-__-__],gjx3,fry3,
13112006,大同市金盛咨询服务有限责任公司,20130304,,13403520488,58850193-X,只可平仓,,山西省大同市城区操场城街甲6号美好家园洪泰大厦604，605室,第三交易中心,,,陈亚宁,法人,0302ea____[大同营业部-居间-大同居间赵斌-__-__],wyl2,,
13119001,山西晋源发商贸有限公司,20130107,,13546453430,79423875-7,只可平仓,,中国山西省太原市高新区长治路251号1#1015-1016,第三交易中心,,,姚文飞,法人,01069046__[山西分公司-营销部-营销一部-太原侯方团队-__],zcb3,,
13128005,广东华粮投资发展有限公司,20130425,20180720,13580586645,06113416-8,销户,,广东省广州市天河区体育西横路体育西横街148号101房,第三交易中心,,,云勇,法人,410690gj__[广东分公司-营销部-营销一部-广州营销李光华-__],zx,xn1,
13223003,包头市博元伟业贸易有限公司,20130626,,15149336472,690062494,只可平仓,,内蒙古自治区包头市青山区通港钢材市场B区5号,第三交易中心,,,田伟,法人,1601______[包头营业部-公共维护-__-__-__],cf1,,
13251076,洛阳国舰齿轮传动有限公司,20130625,20180802,18238810345,57497716-0,销户,,中国河南省洛阳市涧西区西出口先进制造业集聚区,第三交易中心,,,刘铁拴,法人,2001______[郑州营业部-公共维护-__-__-__],zll2,xn1,
13301066,郑州市钻石精密制造有限公司,20130614,20200623,15038329121,26812157-5,销户,,中国河南省郑州市经济开发区第七大街198号,第三交易中心,,,赵秀珍,法人,6803______[河南分公司（证券）-证券-__-__-__],701,dhz,
13301068,河南五六金属材料有限公司,20130617,,15038329121,593402303,只可平仓,,河南省郑州市经济技术开发区第七大街198号三层302,第三交易中心,,,张鹏飞,法人,6803______[河南分公司（证券）-证券-__-__-__],701,,
13310005,民生证券股份有限公司,20130709,,,17000168-X,正常,,中国北京市东城区建国门内大街28号民生金融中心A座16层-18层,第三交易中心,,,,法人,1003______[总部公共部-证券-__-__-__],ywf,,
13319001,太原市通阳科技工程有限公司,20130627,20150928,13593181995,733993265,销户,,山西省太原市高新区长治路249号511室,第三交易中心,,,李增禄,法人,0103______[山西分公司-证券-__-__-__],gxj2,wjn1,
13319002,山西辰隆兴盛贸易有限公司,20130628,,13485363033,590882727,只可平仓,,山西省太原市小店区寇庄西路58号1幢B段13号,第三交易中心,,,杨|,法人,0103______[山西分公司-证券-__-__-__],gxj2,,
13346005,洪湖市洪湖浪米业有限责任公司,20130909,20181112,13627167799,74463804-X,销户,,中国湖北省荆州市洪湖市新堤文泉大道大兴工业园,第三交易中心,,,刘志祥,法人,9303______[武汉关山大道证券营业部-证券-__-__-__],4601,xn1,
13383032,上海八色贸易有限公司,20130627,,15021900988,68736210-3,只可平仓,,上海市青浦区金泽镇西虹街349号H区303室,第三交易中心,,,何宏华,法人,7103______[新乡和平路证券营业部-证券-__-__-__],1101,,
13515001,山西飞宇建材有限公司,20130319,,15135049766,715918042,只可平仓,,山西省运城市运风高速公路口西1000米处,第三交易中心,,,李群英,法人,0201______[运城营业部-公共维护-__-__-__],yt2,,
13515002,运城市南国风商贸有限公司,20130319,,13008000121,056292129,只可平仓,,山西省运城市运风高速公路口西（飞宇建材公司院内）,第三交易中心,,,吕军,法人,0201______[运城营业部-公共维护-__-__-__],yt2,,
13519018,山西华茂纺织有限公司,20131114,20180907,13903448628,74106765-9,销户,,中国山西省晋中市榆次区张庆乡张庆村,第三交易中心,,,李晋峰,法人,010631____[山西分公司-营销部-营销武建峰-__-__],gxj2,xn1,
13519020,山西邦泰塑料制品有限公司,20131227,20180815,15536396666,792243341,销户,,山西省晋中市祁县昭馀镇丰泽村,第三交易中心,,,杨东亮,法人,010631____[山西分公司-营销部-营销武建峰-__-__],gxj2,xn1,
13520008,广西中协工贸有限公司,20130219,,15676198180,59842697-X,只可平仓,,广西壮族自治区南宁市西乡塘区秀灵路东三里3号,第三交易中心,,,覃雪蔚,法人,3004nc____[南宁营业部-后台-南宁后台谢显锋-__-__],wz003,,
13523001,包头鑫瀚商贸有限公司,20130329,,13604723876,570610556,只可平仓,,内蒙古自治区包头市青山区赵家营村东大门24号底店,第三交易中心,,,金珍,法人,1606b2____[包头营业部-营销部-营销张伟-__-__],cf1,,
13526003,北京中毅泓投资管理咨询有限公司,20131025,,18810120505,58907155-6,只可平仓,,中国北京市朝阳区北辰西路8号院2号楼A1236,第三交易中心,,,吕建华,法人,4004cn____[机构业务二部-后台-总部后台刘鹤辉-__-__],zyf2,,
13564003,北京志海起航科技有限责任公司,20130619,,13426198304,059252886,只可平仓,,北京市朝阳区东三环中路16号1701-1,第三交易中心,,,李桂荣,法人,1001______[总部公共部-公共维护-__-__-__],cqw,,
13623002,包头市宏玲物资有限责任公司,20130329,20180824,13848263632,736103109,销户,,内蒙古自治区包头市稀土高新区银福钢材市场,第三交易中心,,,贾玉玲,法人,1601______[包头营业部-公共维护-__-__-__],cf1,xn1,
14151033,洛阳伟业轧钢有限公司,20140625,,18638851801,75710133-X,只可平仓,,中国河南省洛阳市洛龙区关林大道8号,第三交易中心,,,张继卫,法人,200690z5__[郑州营业部-营销部-营销一部-郑州刘译行开发-__],zll2,,
14161003,重庆商社化工有限公司,20140731,20180824,13983882725,75925194-8,销户,,中国重庆市渝北区北部新区星光大道62号（海王星科技大厦D区6楼1、3号）,第三交易中心,,,庞庆军,法人,2401______[昆明营业部-公共维护-__-__-__],lq,xn1,
14161007,财通基金管理有限公司,20141112,20170601,,57743381-2,销户,,上海市浦东新区银城中路68号时代金融中心41楼财通基金管理有限公司,第三交易中心,,,,法人,1001______[总部公共部-公共维护-__-__-__],cqw,xn1,
14221058,北京瑞达利远投资管理有限公司,20141014,,18510185557,08287944-1,冻结,,中国北京市海淀区巴沟南路35号院A座,第三交易中心,,,段岗强,法人,1202so____[唐山营业部-居间-唐山居间张会敏-__-__],yy2,,
14222888,大连远东企业集团有限公司,20140328,20180802,15840680821,74787016-X,销户,,辽宁省大连市干井子区大连湾街道李家村张屯,第三交易中心,,,齐树民,法人,3501______[大连分公司-公共维护-__-__-__],zyh2,xn1,
14224010,昆明新高深橡胶有限公司,20141103,,13678782888,30969148-7,只可平仓,,中国云南省昆明市嵩明县杨林开发区天创路5号,第三交易中心,,,王江平,法人,2401______[昆明营业部-公共维护-__-__-__],zyf2,,
14260005,金鹰基金管理有限公司,20140117,20151014,,74448348-X,销户,,广东省广州市天河区体育西路189号城建大厦22、23楼,第三交易中心,,,,法人,1001______[总部公共部-公共维护-__-__-__],cqw,xn1,
14260016,北京中金安泰商业服务有限公司,20140508,20151230,13911621550,79067228-1,销户,,中国北京市东城区交道口北头条76号1568房间,第三交易中心,,,高静,法人,1001______[总部公共部-公共维护-__-__-__],zyf2,xn1,
14261010,昆明高深国际商务有限责任公司,20140610,,13888850347,79519491-X,只可平仓,,中国云南省昆明市盘龙区金江小区K栋,第三交易中心,,,王珍胜,法人,2401______[昆明营业部-公共维护-__-__-__],lq,,
14261016,德宏华源贸易有限公司,20140722,20160316,13708791223,05947365-4,销户,,中国云南省德宏傣族景颇族自治州芒市工业园区遮放片区,第三交易中心,,,陈联通,法人,2401______[昆明营业部-公共维护-__-__-__],lq,wjn1,
14262001,天津市昂贸易有限公司,20140422,,13652019033,57514991-4,只可平仓,,天津市塘沽区滨海新区塘沽水景花都1-s8,第三交易中心,,,王辉,法人,0801______[天津营业部-公共维护-__-__-__],lyf1,,
14262007,天津东方浩越进出口贸易有限公司,20140619,,13622169101,69068692-6,只可平仓,,天津市塘沽区生态城汉北路7号增75号,第三交易中心,,,史立松,法人,0801______[天津营业部-公共维护-__-__-__],lyf1,,
14262009,天津宝港煤炭经销有限公司,20140625,,13902157418,57233184-1,只可平仓,,天津市宝坻区宝坻塑料制品工业区管理委员会院内,第三交易中心,,,田增刚,法人,0801______[天津营业部-公共维护-__-__-__],lyf1,,
14262018,天津联迅机电设备有限公司,20140630,,13820587270,60053516-4,只可平仓,,天津市河西区解放南路南头,第三交易中心,,,孙国强,法人,0801______[天津营业部-公共维护-__-__-__],lyf1,,
14262888,农水华滨（天津）国际贸易有限公司,20140428,,13803407553,59874612-1,只可平仓,,天津市塘沽区东疆保税港区亚洲路6975号金融贸易中心南区1栋1门5013室-29,第三交易中心,,,刘敏,法人,0801______[天津营业部-公共维护-__-__-__],lyf1,,
14520009,南宁利昂投资管理有限公司,20141215,,13481011209,06355935-4,只可平仓,,中国广西壮族自治区南宁市青秀区民族大道38-2号泰安大厦18层11号,第三交易中心,,,李柱源,法人,3004nl____[南宁营业部-后台-南宁后台梁懿-__-__],dhm2,,
14560008,大成基金管理有限公司,20140314,20191024,,71092433-9,销户,,中国广东省深圳市深南大道7088号招商银行大厦32楼,第三交易中心,,,,法人,1001______[总部公共部-公共维护-__-__-__],jxl2,dhz,
14560010,大成创新资本管理有限公司,20140430,20170601,,08129760-X,销户,,广东省深圳市深南大道7088号招商银行大厦32楼,第三交易中心,,,,法人,1001______[总部公共部-公共维护-__-__-__],cqw,xn1,
14560011,北京慢点富投资管理有限公司,20140327,,13671234717,58773663-0,只可平仓,,中国北京市海淀区西三环北路72号院A座2208室,第三交易中心,,,朱福兵,法人,1001______[总部公共部-公共维护-__-__-__],jxl2,,
14560013,财通基金管理有限公司,20140702,20151105,,57743381-2,销户,,上海市浦东新区银城中路68号时代金融中心41楼财通基金管理有限公司,第三交易中心,,,,法人,1001______[总部公共部-公共维护-__-__-__],cqw,xn1,
14563001,暨升贸易咨询（上海）有限公司,20140519,,13524134107,08410869-1,只可平仓,,上海市浦东新区福山路388号宏嘉大厦办公楼2506室,第三交易中心,,,王志华,法人,1001______[总部公共部-公共维护-__-__-__],cqw,,
14610003,民生证券投资有限公司,20141103,,13811968500,06961420-3,只可平仓,,中国北京市东城区建国门内大街28号民生金融中心A座20层,第三交易中心,,,余政,法人,1001______[总部公共部-公共维护-__-__-__],jxl2,,
14621001,唐山市丰南区华信精密制管有限公司,20140620,20180524,18931573332,780848909,销户,,河北省唐山市丰南区高新技术产业开发区内迎宾路西,第三交易中心,,,张文东,法人,1201______[唐山营业部-公共维护-__-__-__],yy2,xn1,
14621002,河北华通线缆集团有限公司,20140620,20150729,18931573332,74017492-X,销户,,河北省唐山市丰南经济开发区华通大街,第三交易中心,,,张文东,法人,1201______[唐山营业部-公共维护-__-__-__],yy2,wjn1,
14621003,唐山市中奥物资有限公司,20140821,20160225,15833582823,728816643,销户,,河北省唐山市古冶区王辇庄一街村南,第三交易中心,,,王大勇,法人,1201______[唐山营业部-公共维护-__-__-__],yy2,xn1,
14621005,唐山市国诚玻璃制品厂,20141105,20180824,13931577122,780835243,销户,,河北省唐山市古冶区新立村南（古冶区唐古路西侧）,第三交易中心,,,冯硕,法人,1201______[唐山营业部-公共维护-__-__-__],yy2,xn1,
14621006,唐山市古冶第一玻璃制品厂,20141126,20180824,13582899768,713190860,销户,,河北省唐山市古冶区新立村南,第三交易中心,,,冯国成,法人,1201______[唐山营业部-公共维护-__-__-__],yy2,xn1,
14621007,唐山精诚冶金设备技术开发有限公司,20141219,20180524,15933055815,79269269X,销户,,河北省唐山市路北区煤医道12号,第三交易中心,,,姚远,法人,1201______[唐山营业部-公共维护-__-__-__],yy2,xn1,
14621008,唐山百城铁塔制造有限公司,20141229,20180511,15733357533,67417543X,销户,,河北省唐山市开平区越河镇后于家店村,第三交易中心,,,李翠娣,法人,1201______[唐山营业部-公共维护-__-__-__],yy2,xn1,
14623003,内蒙古普凡生种植有限公司,20140328,,13664776003,05055088-7,只可平仓,,内蒙古自治区包头市稀土高新区黄河大街29号办公楼308室,第三交易中心,,,闫和,法人,1601______[包头营业部-公共维护-__-__-__],cf1,,
14623006,内蒙古晨峰汽贸有限责任公司,20140321,,13789629626,686528933,只可平仓,,内蒙古自治区包头市高新区滨河新区210国道东侧铁道南侧,第三交易中心,,,云庆峰,法人,1601______[包头营业部-公共维护-__-__-__],cf1,,
14623012,包头市聚鑫和物资有限公司,20140625,20151202,15049265673,555466939,销户,,内蒙古自治区包头市东河区木材公司院内F区,第三交易中心,,,赵建,法人,1601______[包头营业部-公共维护-__-__-__],cf1,xn1,
14623013,包头市信泰恒医药有限公司,20140702,20180524,15149369818,58516859-6,销户,,中国内蒙古自治区包头市九原区兴胜经济开发区B号路,第三交易中心,,,周来,法人,1601______[包头营业部-公共维护-__-__-__],cf1,xn1,
15077,山西忠民集团有限公司,20070831,20090915,,1427021000151,销户,09.9.15销户,山西省永济市许家营村,第三交易中心,,,郑忠民,法人,020224____[运城营业部-居间-居间杨东华-__-__],,fry3,
15122088,大连博豪投资有限公司,20150326,20191128,13840891765,56553113-2,销户,,辽宁省大连市中山区上海路51号宏浮大厦2308室,第三交易中心,,,曹贺,法人,350690d2__[大连分公司-营销部-营销一部-大连营销雷宝山-__],zyh2,dhz,
15222008,辽宁泰谷物流有限公司,20151211,,13386863555,39613734-4,正常,,中国辽宁省营口市开发区海星办神井子社区疏港路南营口港物流服务中心311房,第三交易中心,,,李军,法人,3502d7____[大连分公司-居间-大连居间孙祥林-__-__],zyh2,,
15224048,云南高屋投资管理有限公司,20151225,,,MA6K3PYP-1,正常,,中国云南省昆明市五华区龙翔街廊坊B座二层110-2号,第三交易中心,,,邓华,法人,240283__26[昆明营业部-居间-昆明居间马熙姆-__-参赛2018],wzd2,,
15381070,南阳天翼金属制品有限公司,20151028,,13683999149,34488630-0,正常,,中国河南省南阳市宛城区新能源经济开发区,第三交易中心,,,曹亚辉,法人,6303______[南阳仲景南路证券营业部-证券-__-__-__],1201,,
15385029,上海通金投资有限公司,20150825,,18768195686,59973181-0,只可平仓,,中国上海市浦东新区世纪大道1501号国华人寿金融大厦10层1008室,第三交易中心,,,,法人,6203______[上海漕溪北路证券营业部-证券-__-__-__],ywf,,
15522001,金钰达（大连）贸易有限公司,20150420,,13942878923,58809711-3,只可平仓,,辽宁省大连市金州区友谊街道金华小区55号3单元2层2号,第三交易中心,,,王桂芝,法人,3506d9____[大连分公司-营销部-营销王晓光-__-__],zyh2,,
15560008,冀东发展集团国际贸易有限公司,20160125,,18630523358,59231003-6,只可平仓,,中国北京市通州区中关村科技园区通州国光机电一体化产业基地嘉创二路甲2号,第三交易中心,,,吕磊,法人,1004rk____[总部公共部-后台-后台夏国军-__-__],jxl2,,
15615001,运城市恒丰农化有限公司,20150106,,15935598411,75150385-6,只可平仓,,山西省运城市盐湖区运临路农资市场2-008,第三交易中心,,,李金串,法人,0201______[运城营业部-公共维护-__-__-__],ljw2,,
15668,鑫龙经贸,,20091029,,,销户,,中国,第三交易中心,,,,法人,020224____[运城营业部-居间-居间杨东华-__-__],,bgm,
15669,鑫天利经贸,,20091029,,,销户,,中国,第三交易中心,,,,法人,020224____[运城营业部-居间-居间杨东华-__-__],,bgm,
15968,山西忠民集团有限公司,20031014,20090915,,,销户,09.9.15销户,"20031014  20050310编码转入34888",第三交易中心,,,,法人,020224____[运城营业部-居间-居间杨东华-__-__],,fry3,
16124333,云南铝业股份有限公司,20161213,,,21658149-X,正常,,中国云南省昆明市呈贡县七甸街道,第三交易中心,,,张正基,法人,24________[昆明营业部-__-__-__-__],wzd2,,
16220006,南宁君盛联创资产管理有限公司,20160715,20161222,18577962324,31588312-7,销户,,中国广西壮族自治区南宁市青秀区民族大道93号新兴大厦A栋26D2,第三交易中心,,,严慧强,法人,3002n9____[南宁营业部-居间-南宁居间黄f山-__-__],dhm2,xn1,
16224001,西双版纳云果食品有限公司,20160322,20180718,13658837961,05945454-1,销户,,中国云南省西双版纳傣族自治州景洪市紫金花园升泰苑商B幢8-1-102号,第三交易中心,,,李海霞,法人,240676____[昆明营业部-营销部-营销张金凤-__-__],zzp,xn1,
16251007,郑州市豫中轻金属机械有限公司,20160229,20180802,15903695888,17027546-1,销户,,中国河南省郑州市工业路104号,第三交易中心,,,柴建勋,法人,2002zw____[郑州营业部-居间-郑州居间刘鹏-__-__],zll2,xn1,
16257002,德宏高联商贸有限公司,20160321,20161116,13888528777,35187900-2,销户,,中国云南省德宏傣族景颇族自治州芒市工业园区遮放片区（户闷村及弄喜村）,第三交易中心,,,陈联习,法人,2401______[昆明营业部-公共维护-__-__-__],zcb3,xn1,
16259026,河北佳创生物科技有限公司,20160920,20180703,15133117002,30804232-X,销户,,中国河北省石家庄市桥西区新石中路375号金石大厦913,第三交易中心,,,郭腾飞,法人,1001______[总部公共部-公共维护-__-__-__],ylx,xn1,
16301002,万屹资产管理（上海）有限公司,20160229,20160505,15000884576,32089345-0,销户,,中国上海市浦东新区银城中路168号2302-04室,第三交易中心,,,,法人,6803______[河南分公司（证券）-证券-__-__-__],zyf2,xn1,
16301018,上海拾晖资产管理有限公司,20160921,20170515,15618990153,MA1H703M-1,销户,,中国上海市浦东新区金湘路201弄15号316室,第三交易中心,,,,法人,6803______[河南分公司（证券）-证券-__-__-__],zyf2,xn1,
16308066,北京神州牧投资基金管理有限公司,20160420,20171211,18811589392,30657058-3,销户,,中国北京市朝阳区建国路93号院10号楼309号,第三交易中心,,,,法人,7303______[郑州郑汴路证券营业部-证券-__-__-__],zyf2,xn1,
16336001,广西东方正和投资股份有限公司,20160921,20161219,,31024431-8,销户,"私募基金管理人,登记备案编号P1028244",中国广西壮族自治区南宁市青秀区东葛路118号青秀万达广场西1栋3302号房,第三交易中心,,,,法人,7503______[广西分公司（证券）-证券-__-__-__],zcb3,xn1,
16385011,上海复胜资产管理合伙企业（有限合伙）,20160603,20200820,18600581066,MA1JL2AF-2,销户,,中国上海市浦东新区陆家嘴环路166号未来资产大厦26层A单元,第三交易中心,,,,法人,6203______[上海漕溪北路证券营业部-证券-__-__-__],ywf,dhz,
16510006,鄂尔多斯市汇博商贸有限责任公司,20160720,20191016,13614771222,31848496-5,销户,,中国内蒙古自治区鄂尔多斯市康巴什新区康和盛世小区5号楼1单元1002室,第三交易中心,,,白亮,法人,1001______[总部公共部-公共维护-__-__-__],jxl2,dhz,
16510007,鄂尔多斯市星欣荣运销有限责任公司,20161220,,15304776086,09260909-0,只可平仓,,中国内蒙古自治区鄂尔多斯市伊金霍洛旗阿勒腾廓热镇达尔胡特街西33街5队47号,第三交易中心,,,呼建刚,法人,1001______[总部公共部-公共维护-__-__-__],jxl2,,
16610002,民丰资本投资管理有限公司,20160607,,13810199139,31838012-X,只可平仓,,中国北京市东城区建国门内大街28号民生金融中心B座17层,第三交易中心,,,卢志强,法人,1001______[总部公共部-公共维护-__-__-__],jxl2,,
16910001,民生期货有限公司,20161111,20171222,13520056055,70146315-5,销户,,中国北京市东城区建国门内大街28号民生金融中心D座7层,第三交易中心,,,,法人,1001____02[总部公共部-公共维护-__-__-ctp-min],yss1,xn1,
17126006,北京华懿投资管理有限公司,20170905,,18600129482,34831243-5,正常,,中国北京市昌平区科技园区超前路甲1号11号楼429室,第三交易中心,,,邓宏彬,法人,4006__ci__[机构业务二部-营销部-__-北京付银霞开发　-__],zcb3,,
17127001,杭州豫郑钢铁有限公司,20170523,,13336178933,MA28M2J7-1,正常,,中国浙江省杭州市拱墅区康惠路2号3#510,第三交易中心,,,金锋,法人,2706__h1__[杭州营业部-营销部-__-杭州马俊华-__],yl,,
17127002,杭州启佳投资管理咨询有限公司,20170612,20181022,13606621539,09203429-0,销户,,中国浙江省杭州市下城区石板巷新村23号206室,第三交易中心,,,张永正,法人,2706__h1__[杭州营业部-营销部-__-杭州马俊华-__],fk2,xn1,
17127003,杭州耀美实业有限公司,20170613,20181022,13606621539,08885737-4,销户,,中国浙江省杭州市下城区回龙庙前一弄16号322室,第三交易中心,,,张永正,法人,2706__h1__[杭州营业部-营销部-__-杭州马俊华-__],yl,xn1,
17162005,斯蒂文国际贸易(天津)有限公司,20171120,,13332002217,MA07E587-1,只可平仓,,中国天津市塘沽区自贸试验区东疆保税港区兰州道565号海泽物流园6号仓库6单元-0393,第三交易中心,,,石立捷,法人,0806__jt__[天津营业部-营销部-__-天津营销孙兴睿-__],lyf1,,
17210001,北京怡和鸿鑫资产管理有限公司,20170111,,13581702498,09243880-X,只可平仓,,中国北京市朝阳区京顺东街6号院25号楼1层101,第三交易中心,,,李万方,法人,1001______[总部公共部-公共维护-__-__-__],jxl2,,
17328001,深圳知方石投资有限公司,20170428,20170731,075582795529,35189571-6,销户,,中国广东省深圳市福田区益田路时代金融中心6E-3,第三交易中心,,,,法人,4103______[广东分公司-证券-__-__-__],zcb3,xn1,
17385010,上海融腾基金管理有限公司,20171222,20180820,18638997689,32470252-7,销户,,中国上海市闸北区江场路1377弄绿地中央广场2号楼,第三交易中心,,,,法人,6203______[上海漕溪北路证券营业部-证券-__-__-__],zyf2,xn1,
17510001,鄂尔多斯市乐创煤炭有限公司,20170222,,15934904820,MA0MYU7C-7,只可平仓,,中国内蒙古自治区鄂尔多斯市东胜区校园路2号满世集团办公楼3层,第三交易中心,,,张耀军,法人,1001______[总部公共部-公共维护-__-__-__],ywf,,
17510002,北京满世投资有限公司,20170303,,15934904821,06281603-X,只可平仓,,中国内蒙古自治区鄂尔多斯市东胜区校园路2号满世集团办公楼3层,第三交易中心,,,刘强,法人,1001______[总部公共部-公共维护-__-__-__],ywf,,
17510006,北京赛锋科技有限公司,20170921,,13720243931,MA00CY7M-X,只可平仓,,中国北京市朝阳区曙光西里甲10号二层无界空间,第三交易中心,,,钱程,法人,1004bd__01[总部公共部-后台-维护1-__-ctp],zcb3,,
17528002,广东龙国化工有限公司,20170117,20180807,13609089215,56598159-8,销户,,中国广东省广州市天河区C狗岭路429号1801房自编07室,第三交易中心,,,林镇丰,法人,41__t7____[广东分公司-__-广州罗英少-__-__],xyq2,xn1,
17528018,张家港保税区淳力国际贸易有限公司,20170720,,18927796338,MA1NK45F-4,只可平仓,,中国江苏省苏州市张家港市保税区诺亚物流大厦133D,第三交易中心,,,曾繁坡,法人,4104t7____[广东分公司-后台-广州罗英少-__-__],xyq2,,
17560001,华润深国投信托有限公司,20170721,20180703,,19217597-1,销户,,中国广东省深圳市福田区中心四路1-1号嘉里建设广场第三座10-12层,第三交易中心,,,,法人,600468____[金融机构业务部-后台-金融机构业务部郑佳-__-__],zyf2,xn1,
17610002,民生证券股份有限公司,20170711,20210104,,17000168-X,销户,,中国北京市东城区建国门内大街28号民生金融中心A座19层,第三交易中心,,,,法人,1001______[总部公共部-公共维护-__-__-__],ywf,dhz,
17610003,民生证券股份有限公司,20171018,20171020,,17000168-X,销户,,中国北京市东城区建国门内大街28号民生金融中心A座16层-18层,第三交易中心,,,,法人,1001______[总部公共部-公共维护-__-__-__],zyf2,888,
17610005,民生证券股份有限公司,20171018,20171020,,17000168-X,销户,,中国北京市东城区建国门内大街28号民生金融中心A座16层-18层,第三交易中心,,,,法人,1001______[总部公共部-公共维护-__-__-__],zyf2,888,
17610006,民生证券股份有限公司,20171019,20190130,,9111000017000168X,销户,,中国北京市东城区建国门内大街28号民生金融中心A座16-18层,第三交易中心,,,,法人,1001____01[总部公共部-公共维护-__-__-ctp],ywf,xn1,
17610008,民生证券股份有限公司,20171019,20171019,,17000168-X,销户,,中国北京市东城区建国门内大街28号民生金融中心A座16层-18层,第三交易中心,,,,法人,1001______[总部公共部-公共维护-__-__-__],zyf2,888,
17910001,民生期货有限公司,20170929,20180820,,0101372017092101,销户,,中国北京市东城区建国门内大街28号D座7层,第三交易中心,,,,法人,1001____01[总部公共部-公共维护-__-__-ctp],zyf2,xn1,
18112018,山西亚通公路物资有限公司,20180523,,18636817005,78851299-1,只可平仓,,中国山西省太原市经济技术开发区康寿街9号106室,第三交易中心,,,郭春龙,法人,0306hn____[大同营业部-营销部-大同营销魏琼-__-__],wyl2,,
18126001,北京立方体资产管理有限公司,20180702,,13810875252,MA01BTBY-5,正常,,中国北京市房山区长沟镇金元大街1号北京基金小镇大厦D座457,第三交易中心,,,崔亚锋,法人,4006__c726[机构业务二部-营销部-__-北京营销陈能镇-参赛2018],zcb3,,
18127038,赞宇科技集团股份有限公司,20180202,20211019,15068195688,72362990-2,销户,,中国浙江省杭州市西湖区古墩路702号,第三交易中心,,,方银军,法人,2706__h1__[杭州营业部-营销部-__-杭州马俊华-__],yl,dhz,
18127888,浙江臻博睿资产管理有限公司,20180620,,18258403610,MA2B0QCL-X,只可平仓,,中国浙江省杭州市下城区朝晖路205深蓝广场2601,第三交易中心,,,蒋加习,法人,2706ts____[杭州营业部-营销部-杭州实习营销蔡欣纯-__-__],zyf2,,
18131001,上海神火国际贸易有限公司,20180719,,03705176321,67457615-3,只可平仓,,中国河南省商丘市永城市光明路神火国贸5楼,第三交易中心,,,李仲远,法人,8103______[商丘神火大道证券营业部-证券-__-__-__],3401,,
18162001,天津市皓升鸿翔信息技术有限公司,20180425,,13920440535,MA05J4PF-8,正常,,中国天津市河北区王串场街容彩公寓1号楼1门302,第三交易中心,,,丁海燕,法人,0806__jt__[天津营业部-营销部-__-天津营销孙兴睿-__],zyf2,,
18162018,珠海天美策略基金管理有限公司,20180612,,15202260327,MA4UYA5L-8,只可平仓,,中国天津市和平区新兴路观云里2号楼1129,第三交易中心,,,田怡谦,法人,0806e4____[天津营业部-营销部-天津营销高世阳-__-__],zcb3,,
18220001,广西睿途资产管理有限公司,20180330,20200811,13978878626,MA5N1Q6C-X,销户,,中国广西壮族自治区南宁市青秀区东葛路118号南宁青秀万达广场西1栋4116号,第三交易中心,,,邓琼英,法人,3001______[南宁营业部-公共维护-__-__-__],zyf2,dhz,
18226888,西藏云彩文化艺术有限公司,20181116,,18510776282,MA6T11RN-2,只可平仓,,中国北京市朝阳区建国门外大街19号8层,第三交易中心,,,任朝阳,法人,4001______[机构业务二部-公共维护-__-__-__],yml2,,
18251001,威海市糖灵子文化传媒有限公司,20180206,20180802,15615810023,MA3FBNQP-9,销户,,中国山东省威海市文登区大水泊镇场西村116号,第三交易中心,,,于令剑,法人,2002e3____[郑州营业部-居间-郑州居间张恒恒-__-__],zll2,xn1,
18262001,鄂尔多斯市伊化天然气有限责任公司,20180119,,15704778988,66733354-0,只可平仓,,中国内蒙古自治区鄂尔多斯市乌审旗乌审召镇,第三交易中心,,,吴爱国,法人,0802j7____[天津营业部-居间-天津居间王资-__-__],zcb3,,
18262999,天津富邦钢材加工有限公司,20181224,,13332066888,MA069CNG-1,只可平仓,,中国天津市静海县独流镇京福公路与李家院交口东侧王家院车站旁,第三交易中心,,,张加刚,法人,0802df____[天津营业部-居间-天津营业部居间王方红-__-__],lyf1,,
18301001,浙江龙隐投资管理有限公司,20180327,20201210,13007610551,33687925-8,销户,zctgsjjs@tg.gtja.com,中国河南省郑州市21世纪社区美壁加州4607,第三交易中心,,,,法人,6803______[河南分公司（证券）-证券-__-__-__],ywf,dhz,
18301009,和泉(杭州)资产管理有限公司,20181115,20210826,18037372666,MA28LC4N-9,销户,,中国河南省郑州市郑东新区榆林北路绿地中心南塔1316室,第三交易中心,,,,法人,6803______[河南分公司（证券）-证券-__-__-__],v6s9010002,dhz,
18385010,上海皋仲实业有限公司,20180917,,13917494681,32443425-1,正常,,中国上海市徐汇区南丹东路188号久隆大厦1304,第三交易中心,,,陈忠,法人,6203______[上海漕溪北路证券营业部-证券-__-__-__],601,,
18510001,北京万家丰盈商贸有限公司,20181029,,13331168898,05363309-8,正常,,中国北京市海淀区温泉乡颐温路南2号楼1层1045室,第三交易中心,,,侯艳丽,法人,1004oo____[总部公共部-后台-总部宋敏-__-__],ywf,,
18510008,上海久阳实业集团有限公司,20181224,,18019326283,75614402-0,只可平仓,,中国上海市浦东新区自由贸易试验区世纪大道787号602E室,第三交易中心,,,李挺华,法人,1706cl__01[机构业务六部-营销部-营销陈龙-__-ctp],lyf1,,
18522001,大连森商贸有限公司,20180418,,13194267000,MA0P5EW4-1,正常,,中国辽宁省大连市庄河市鞍子山乡鞍子山村丰利大街158号政府办公楼东侧楼202室,第三交易中心,,,齐建燕,法人,3504d4____[大连分公司-后台-大连后台赵宇辉-__-__],zyh2,,
18610001,鹏华资产管理有限公司,20180123,20190117,15019211212,06025764-1,销户,,中国广东省深圳市福田区益田路6001号太平金融大厦22层,第三交易中心,,,,法人,1001____01[总部公共部-公共维护-__-__-ctp],zyf2,xn1,
18610002,鹏华资产管理有限公司,20180117,20190117,15019211212,06025764-1,销户,,中国广东省深圳市福田区益田路6001号太平金融大厦22层,第三交易中心,,,,法人,1001____01[总部公共部-公共维护-__-__-ctp],zyf2,xn1,
18610003,鹏华资产管理有限公司,20180123,20190117,15019211212,06025764-1,销户,,中国广东省深圳市福田区益田路6001号太平金融大厦22层,第三交易中心,,,,法人,1001____01[总部公共部-公共维护-__-__-ctp],zyf2,xn1,
18610005,鹏华资产管理有限公司,20180123,20190117,15019211212,06025764-1,销户,,中国广东省深圳市福田区益田路6001号太平金融大厦22层,第三交易中心,,,,法人,1001____01[总部公共部-公共维护-__-__-ctp],zyf2,xn1,
18610006,鹏华资产管理有限公司,20180123,20190117,15019211212,06025764-1,销户,,中国广东省深圳市福田区益田路6001号太平金融大厦22层,第三交易中心,,,,法人,1001____01[总部公共部-公共维护-__-__-ctp],ywf,xn1,
18610007,鹏华资产管理有限公司,20180123,20190117,15019211212,06025764-1,销户,,中国广东省深圳市福田区益田路6001号太平金融大厦22层,第三交易中心,,,,法人,1001____01[总部公共部-公共维护-__-__-ctp],ywf,xn1,
18610008,华润深国投信托有限公司,20180518,20190117,,19217597-1,销户,,中国广东省深圳市福田区中心四路1-1号嘉里建设广场第三座第10-12层,第三交易中心,,,,法人,1001____01[总部公共部-公共维护-__-__-ctp],zyf2,xn1,
18610009,浙江品润投资管理有限公司,20180730,20210303,18761662568,10178144-0,销户,,中国浙江省杭州市上城区甘水巷145号,第三交易中心,,,,法人,1001____01[总部公共部-公共维护-__-__-ctp],wzd2,dhz,
18610010,浙江品润投资管理有限公司,20180731,20191227,18761662568,32820285-3,销户,,中国浙江省杭州市上城区甘水巷145号,第三交易中心,,,,法人,1001____01[总部公共部-公共维护-__-__-ctp],ywf,dhz,
18610011,浙江品润投资管理有限公司,20180907,20190605,18761662568,10178144-0,销户,,中国浙江省杭州市上城区甘水巷145号,第三交易中心,,,,法人,1001____01[总部公共部-公共维护-__-__-ctp],zyf2,yfj,
18610012,湖南八零后资产管理有限公司,20180913,20190627,15377489766,63159284X,销户,,中国湖南省长沙市雨花区东塘兴威名座24-2105,第三交易中心,,,,法人,1704jl____[机构业务六部-后台-长沙柳科武-__-__],ywf,xn1,
18610013,杭州七禾聚资产管理有限公司,20181107,,17612191407,MA27W6A1-X,正常,,中国浙江省杭州市滨江区寰宇天下商务中心B座1503室,第三交易中心,,,,法人,1001____01[总部公共部-公共维护-__-__-ctp],v6s9010002,,
18729001,濮阳市越大物资有限责任公司,20180516,,18539351253,09288443-9,只可平仓,,中国河南省濮阳市黄河中路墨香苑2号楼09号房,第三交易中心,,,李凯凯,法人,420679____[上海分公司-营销部-上海朱建国-__-__],zyf2,,
18729002,镇江同立橡胶有限公司,20180627,20190910,13862444866,14137327-3,销户,,中国江苏省镇江市镇江新区松林山路79号,第三交易中心,,,徐康,法人,100679____[总部公共部-营销部-上海朱建国-__-__],zyf2,xn1,
18729003,浙江洪波科技股份有限公司,20180716,20190412,13505722510,14697671-9,销户,,中国浙江省湖州市练市镇万潭湾,第三交易中心,,,陈找根,法人,100679____[总部公共部-营销部-上海朱建国-__-__],xsr,xn1,
18729004,汇智创富投资管理（浙江）有限公司,20180815,,15821080431,MA27Y3DN-1,只可平仓,,中国浙江省杭州市下城区德胜中路369号407室,第三交易中心,,,方时雄,法人,4201______[上海分公司-公共维护-__-__-__],xsr,,
18729005,广西今朝顺贸易有限公司,20180910,,15296449697,MA5NC7WN-3,只可平仓,于2021年5月7日配合广西南宁市公安局南湖分局调取证据,中国广西壮族自治区南宁市青秀区中泰路9号天健国际公馆A座1402号,第三交易中心,,,宋仕斌,法人,420679__01[上海分公司-营销部-上海朱建国-__-ctp],xsr,,
18910001,民生期货有限公司,20180328,20180907,,71093453-7,销户,,中国北京市东城区建国门内大街28号民生金融中心D座7层,第三交易中心,,,,法人,1001____01[总部公共部-公共维护-__-__-ctp],zcb3,xn1,
18910002,吴娱娜,20181030,20201112,13911952770,911100001000229601,销户,,中国北京市东城区建国门内大街28号民生金融中心D座7层,第三交易中心,,,,法人,1001____01[总部公共部-公共维护-__-__-ctp],yss1,dhz,
19112001,山西大象生物科技有限公司,20191101,,13333444899,MA0KJ8R4-5,只可平仓,,中国山西省吕梁市文水县刘胡兰镇大象村,第三交易中心,,,段俊辉,法人,0306yg__01[大同营业部-营销部-大同张戮-__-ctp],wyl2,,
19113011,沈阳益海嘉信金属材料有限公司,20190626,,13079886886,MA0YFX2N-0,正常,,中国辽宁省沈阳市沈北新区蒲硕路90-8号,第三交易中心,,,冉德双,法人,1306fh____[机构业务六部(李奇峰)-营销部-营销李奇峰-__-__],lyf1,,
19122001,大连泓达生态发展有限公司,20200102,,13904099307,MA0YL771-4,只可平仓,,中国辽宁省大连市普兰店区莲山街道安家社区,第三交易中心,,,金崇浩,法人,3506iz__01[大连分公司-营销部-大连李健-__-ctp],zyh2,,
19126001,北京金大虎资本管理有限公司,20190821,20210816,13811488007,56949668-8,销户,,中国北京市大兴区亦庄开发区地盛北街1号北工大软件园18号楼云基地9层,第三交易中心,,,,法人,4006__c730[机构业务二部-营销部-__-北京营销陈能镇-自有资金],v6s9010002,dhz,
19126002,北京金大虎资本管理有限公司,20191018,20210816,13811134962,56949668-8,销户,,中国北京市大兴区亦庄开发区地盛北街1号北工大软件园18号楼云基地9层,第三交易中心,,,,法人,4006__c730[机构业务二部-营销部-__-北京营销陈能镇-自有资金],v6s9010002,dhz,
19128001,上海相变投资管理有限公司,20190729,20210831,18583785353,34219894-2,销户,,中国上海市浦东新区福山路458号同盛大厦1901室,第三交易中心,,,,法人,4106h4__01[广东分公司-营销部-广东分营销黄友良-__-ctp],v6s9010002,dhz,
19128002,横琴广金美好基金管理有限公司,20191104,,,19223854-9,正常,,中国广东省广州市天河区珠江东路30号广州银行大厦2201,第三交易中心,,,,法人,4106h4__01[广东分公司-营销部-广东分营销黄友良-__-ctp],zcb3,,
19128003,上海量金资产管理有限公司,20191202,,68583977,20196194-0,正常,,中国上海市浦东新区锦康路308号1701C,第三交易中心,,,,法人,4106h4__29[广东分公司-营销部-广东分营销黄友良-__-CTP-自有资金],zyy1,,
19128006,珠海市和赢资产管理有限责任公司,20191204,,,32484701-3,只可平仓,,中国广东省佛山市南海区桂城海六路8号联达大厦1203室,第三交易中心,,,,法人,4102k8__01[广东分公司-居间-广东分居间颜德山-__-ctp],wzd2,,
19128007,上海品赋投资管理有限公司,20191209,20210127,18502100762,63159284X,销户,,中国上海市浦东新区张杨路1515弄22号303室,第三交易中心,,,,法人,4106h4__01[广东分公司-营销部-广东分营销黄友良-__-ctp],zyy1,dhz,
19128008,珠海格林顿资产管理有限公司,20191225,,18620561001,71093453-7,正常,,中国广东省广州市天河区花城大道68号环球都会广场1101室,第三交易中心,,,,法人,4106h4__29[广东分公司-营销部-广东分营销黄友良-__-CTP-自有资金],zyy1,,
19128168,广东金羊基金管理有限公司,20190826,,13600053813,MA59JB6X-6,只可平仓,,中国广东省广州市天河区华夏路16号1402房(部位:自编B)(仅限办公),第三交易中心,,,,法人,4101______[广东分公司-公共维护-__-__-__],wzd2,,
19129001,上海瓦洛兰投资管理有限公司,20191031,,15692166157,32445588-8,只可平仓,,中国上海市浦东新区桃林路777号1005室,第三交易中心,,,,法人,42__in__01[上海分公司-__-上海陈祥d-__-ctp],wzd2,,
19129002,中安鼎盛投资(深圳)有限公司,20191127,20210427,19924469039,914403001017814402,销户,无,中国广东省深圳市南山区尚美科技大厦1405室,第三交易中心,,,,法人,4206incm29[上海分公司-营销部-上海陈祥d-范溪-CTP-自有资金],xsr,dhz,
19151001,上海常沂商贸有限公司,20191114,,13839493119,MA1JA3CF-8,正常,,中国河南省周口市郸城县建新街003号,第三交易中心,,,陈发义,法人,2006__58__[郑州营业部-营销部-__-营销万玉霞-__],zcb3,,
19162777,宁波普晨贸易有限公司,20191023,20211012,15333157097,MA2GTWP93,销户,,中国河北省唐山市路北区世纪花园119.2.402,第三交易中心,,,李良柱,法人,0806e4____[天津营业部-营销部-天津营销高世阳-__-__],zcb3,dhz,
19162789,天津仙童投资管理有限责任公司,20190522,,13516165577,69741432-5,只可平仓,,中国天津市和平区西康路三十六号小区23-1-601,第三交易中心,,,,法人,0806e4cm27[天津营业部-营销部-天津营销高世阳-范溪-参赛2019],zcb3,,
19210001,江西易良农业服务有限公司,20190531,20210709,13770504666,MA37YAJD-9,销户,,中国江西省南昌市红谷滩新区凤凰中大道1000号南昌万达中心B3写字楼2106室,第三交易中心,,,祝晓东,法人,5806b1____[产业机构业务部-营销部-营销吴朝清-__-__],ywf,dhz,
19210002,北京中诚志远投资有限公司,20190624,,18612066855,63159284-X,正常,,中国北京市朝阳区望京绿地中心中国锦2702,第三交易中心,,,,法人,5802fr____[产业机构业务部-居间-产业机构部居间尹勇-__-__],jykf03,,
19210003,齐齐哈尔粮食集团有限公司,20190805,,18686926667,69263096-9,只可平仓,,中国黑龙江省齐齐哈尔市铁锋区南卜街2号,第三交易中心,,,安洪力,法人,5806b1____[产业机构业务部-营销部-营销吴朝清-__-__],ywf,,
19210005,齐齐哈尔市第一粮库有限公司,20190805,,13945239226,66902162-0,正常,,中国黑龙江省齐齐哈尔市铁锋区南卜街2号,第三交易中心,,,曹波,法人,5806b1____[产业机构业务部-营销部-营销吴朝清-__-__],zyf2,,
19216001,广州或恪投资管理有限公司,20190403,,13534159169,192238549,只可平仓,,中国广东省广州市天河区珠江东路32号利通广场34楼D15房,第三交易中心,,,,法人,0702eq__01[山东分公司-居间-天津居间天津磐实教育信息咨询有限公司-__-ctp],bx1,,
19216002,青岛祝融富田投资管理有限公司,20190524,,13361248927,32151398-2,正常,,中国山东省青岛市市北区龙城路31号卓越世纪中心3号楼3703,第三交易中心,,,,法人,0701____01[山东分公司-公共维护-__-__-ctp],bx1,,
19216003,青岛祝融富田投资管理有限公司,20191105,,13361248927,32151398-2,正常,,中国山东省青岛市青岛市市北区龙城路31号卓越世纪中心3号楼3703,第三交易中心,,,,法人,0701____01[山东分公司-公共维护-__-__-ctp],bx1,,
19217999,泽贤投资管理(杭州)有限公司,20191219,,18657166976,MA28RE7R-9,只可平仓,,中国浙江省杭州市上城区馆驿后10号1306室,第三交易中心,,,江坤,法人,1706cl__01[机构业务六部-营销部-营销陈龙-__-ctp],jykf03,,
19222001,沈阳中金联合服务有限公司,20190829,,18698702567,MA0P4GCA-3,只可平仓,,中国辽宁省沈阳市浑南区泗水街55号1-10-76,第三交易中心,,,张帅,法人,3501______[大连分公司-公共维护-__-__-__],wzd2,,
19222888,宁波灵泽投资管理有限公司,20191202,,13898408083,MA293P7Y6,正常,,中国辽宁省大连市沙河口区星海大观E座2906、2907,第三交易中心,,,,法人,3502ix__01[大连分公司-居间-大连分居间金怀成-__-ctp],wzd2,,
19224001,云南艾拉博贸易有限公司,20190201,,13456826727,MA6KB99H-7,正常,,中国云南省昆明市白云路229号附1号万发生鲜农贸市场1-1-7C号,第三交易中心,,,张洁琼,法人,240676____[昆明营业部-营销部-营销张金凤-__-__],zzp,,
19226001,蓝石资产管理有限公司,20191211,,18515812103,30060428-7,正常,,中国北京市朝阳区东三环中路63号富力中心801,第三交易中心,,,李九如,法人,4002hj__30[机构业务二部-居间-北京居间杨海龙-__-自有资金],zyy1,,
19227001,杭州美证投资管理有限公司,20190918,,18667182721,34180995-9,正常,,中国浙江省杭州市经济技术开发区财通中心821室,第三交易中心,,,张俊,法人,2701______[杭州营业部-公共维护-__-__-__],zyf2,,
19227008,浙江在赢资产管理有限公司,20190906,,18006788885,63159284X,正常,,中国浙江省杭州市下城区北上新城1幢1号门915室,第三交易中心,,,,法人,2702gl____[杭州营业部-居间-杭州居间徐盼-__-__],yl,,
19227777,上海元苔投资管理有限公司,20190930,20200408,18368094533,192238549,销户,,中国浙江省杭州市上城区赞成中心东楼1006室,第三交易中心,,,,法人,2702hg__01[杭州营业部-居间-机构业务一部（SZ）居间王梅-__-ctp],zyf2,dhz,
19229003,上海岳海资产管理有限公司,20190716,,18621808985,91510100201961940F,正常,,中国上海市浦东新区浦电路438号1503室,第三交易中心,,,,法人,4201____01[上海分公司-公共维护-__-__-ctp],shfgsgt01,,
19262688,河北腾信财达商贸股份有限公司,20190903,20210430,15533906668,MA0D79LC-3,销户,,中国河北省石家庄市长安区丰收路保利花园C区1.1.1903,第三交易中心,,,周烨,法人,0802hd____[天津营业部-居间-天津居间周洪远-__-__],zyf2,dhz,
19327001,上海千象资产管理有限公司,20190305,,,39875346-6,正常,,中国上海市浦东新区福山路500号城建国际中心602单元,第三交易中心,,,,法人,2703____01[杭州营业部-证券-__-__-ctp],zyy1,,
19344001,深圳市红十三六号投资合伙企业(有限合伙),20191014,,15002082025,31191077-3,只可平仓,,中国广东省深圳市南山区大冲商务中心B座9层,第三交易中心,,,成凤,法人,9103____01[深圳深南大道科技园证券营业部-证券-__-__-ctp],wzd2,,
19378001,中海外物流有限公司,20190307,,13832976797,MA07N8NA-9,只可平仓,,中国河北省唐山市曹妃甸工业区中山路市政服务大厦B座7层,第三交易中心,,,苏捷,法人,5303______[唐山大里路证券营业部-证券-__-__-__],5301,,
19381001,南阳晟发新材料有限公司,20191016,,18613777382,MA46R5KR-9,只可平仓,,中国河南省南阳市淅川县上集镇园区路18号,第三交易中心,,,多化剑,法人,2002h9____[郑州营业部-居间-郑州居间陈-__-__],1201,,
19385001,民生证券股份有限公司,20190417,,,10178144-0,正常,,中国上海市浦东新区世纪大道1168号B座2101室,第三交易中心,,,,法人,6203______[上海漕溪北路证券营业部-证券-__-__-__],zyf2,,
19385006,民生证券股份有限公司,20190716,20210111,13585870795,10178144-0,销户,,中国上海市浦东新区世纪大道1168号东方金融广场B座21层,第三交易中心,,,,法人,6203______[上海漕溪北路证券营业部-证券-__-__-__],601,dhz,
19510002,北京黑金时空资本管理有限公司,20190620,,13683016313,MA01G9A0-3,只可平仓,,中国北京市房山区长沟镇金元大街1号北京基金小镇大厦B座183,第三交易中心,,,李殿春,法人,100493cm01[总部公共部-后台-总部后台姜丕臻-范溪-ctp],wzd2,,
19510003,上海洛书投资管理有限公司,20190715,,17621881962,15815989-8,只可平仓,,中国上海市浦东新区杨高南路729号1号楼3903,第三交易中心,,,,法人,6004go__01[金融机构业务部-后台-金融机构业务部后台杨帆-__-ctp],zyf2,,
19510005,上海洛书投资管理有限公司,20190806,20200309,17621881962,63159284X,销户,,中国上海市浦东新区杨高南路729号1号楼3903,第三交易中心,,,,法人,1004bd__01[总部公共部-后台-维护1-__-ctp],zcb3,wjn1,
19510009,上海珠池资产管理有限公司,20190801,,15901875605,31243242-7,只可平仓,,中国上海市浦东新区张杨路707号生命人寿大厦2502,第三交易中心,,,,法人,1004bd__01[总部公共部-后台-维护1-__-ctp],zcb3,,
19510010,天算量化（北京）资本管理有限公司,20190808,20210730,13811629530,91110000781703453H,销户,,中国北京市海淀区清华科技园创业大厦408,第三交易中心,,,,法人,1004bd__01[总部公共部-后台-维护1-__-ctp],zyf2,dhz,
19510011,上海名禹资产管理有限公司,20190828,,13813388625,91320000704041011J,只可平仓,,中国上海市浦东新区民生路1518号A座601,第三交易中心,,,,法人,6004go__30[金融机构业务部-后台-金融机构业务部后台杨帆-__-自有资金],v6s9010001,,
19510012,昊泽致远（北京）投资管理有限公司,20190918,,18246125996,914403001922784445,正常,,中国北京市朝阳区北京市朝阳区光华路4号院1号楼18层2106,第三交易中心,,,,法人,100451cm29[总部公共部-后台-维护2-范溪-CTP-自有资金],zyy1,,
19510015,广东御澜资产管理有限公司,20190917,,18270899747,MA4W686J-1,只可平仓,,中国广东省深圳市福田区民田路178号华融大厦1407,第三交易中心,,,,法人,100451__29[总部公共部-后台-维护2-__-CTP-自有资金],jykf05,,
19510016,致诚卓远（珠海）投资管理合伙企业（有限合伙）,20190917,,18575511028,91320000704041011J,正常,,中国云南省昆明市官渡区古渡口路2699号滇池ONE3-4-1,第三交易中心,,,,法人,6004go__29[金融机构业务部-后台-金融机构业务部后台杨帆-__-CTP-自有资金],zyy1,,
19510018,上海亚厚资产管理有限公司,20190927,,18501350423,10178144-0,正常,,中国北京市海淀区互联网创新中心106,第三交易中心,,,,法人,1002Bj__29[总部公共部-居间-总部居间平度市多面手信息咨询服务中心-__-CTP-自有资金],sm,,
19510019,北京黑金时空资本管理有限公司,20191118,,13683016313,MA01G9A0-3,只可平仓,,中国北京市朝阳区左家庄中街豪成大厦3层309室,第三交易中心,,,,法人,100493__01[总部公共部-后台-总部后台姜丕臻-__-ctp],wzd2,,
19510020,广东御澜资产管理有限公司,20191122,,18270899747,MA4W686J-1,只可平仓,,中国广东省深圳市福田区民田路178号华融大厦1407,第三交易中心,,,,法人,100451__29[总部公共部-后台-维护2-__-CTP-自有资金],zbyygt01,,
19510021,广东御澜资产管理有限公司,20191122,20200609,18270899747,914403001017814402,销户,,中国广东省深圳市福田区民田路178号华融大厦1407,第三交易中心,,,,法人,100451__29[总部公共部-后台-维护2-__-CTP-自有资金],zyy1,dhz,
19510022,上海戊戌资产管理有限公司,20191127,,15195805805,33252626-0,只可平仓,,"中国上海市浦东新区银城中路8号 3206",第三交易中心,,,,法人,6004go__29[金融机构业务部-后台-金融机构业务部后台杨帆-__-CTP-自有资金],zbyygt01,,
19510023,昊泽致远（北京）投资管理有限公司,20191231,,18246125996,15815989-8,只可平仓,,中国北京市朝阳区北京市朝阳区光华路4号院1号楼18层2106,第三交易中心,,,,法人,100451__29[总部公共部-后台-维护2-__-CTP-自有资金],zyy1,,
19523016,内蒙古佰渡资本有限公司,20191105,20210817,13924112822,MA0Q171N-X,销户,,中国内蒙古自治区包头市青山区钢铁大街46号金顶商务大厦907,第三交易中心,,,莫民,法人,1604b2__01[包头营业部-后台-营销张伟-__-ctp],wzd2,dhz,
19523158,内蒙古敕勒川糖业有限责任公司,20190201,20200217,15048166917,MA0N0QMD5,销户,,中国内蒙古自治区包头市土默特右旗新型工业园区,第三交易中心,,,高智利,法人,1606b2____[包头营业部-营销部-营销张伟-__-__],zyf2,dhz,
19528001,横琴广金美好基金管理有限公司,20190906,,,91150000701463155D,只可平仓,,中国广东省广州市天河区珠江东路30号广州银行大厦2201,第三交易中心,,,,法人,4106gt__29[广东分公司-营销部-营销谢祥华-__-CTP-自有资金],zyy1,,
19529004,上海岳海资产管理有限公司,20190805,20200513,18621808985,13219823-1,销户,,中国上海市浦东新区浦电路438号1503室,第三交易中心,,,,法人,4204fzcm__[上海分公司-后台-上海后台苏愈-范溪-__],zcb3,dhz,
19562999,三河汇福粮油集团饲料蛋白有限公司,20190819,,18833732233,76517553-1,正常,,中国河北省廊坊市三河市燕郊汇福路西侧,第三交易中心,,,石克荣,法人,0806gm____[天津营业部-营销部-营销宿菁-__-__],zyf2,,
19610001,广州市草本投资管理有限公司,20190325,20210420,15918708102,304389158,销户,,中国广东省广州市天河区珠江东路16号3801房之自编05单元,第三交易中心,,,,法人,1001____29[总部公共部-公共维护-__-__-CTP-自有资金],zyy1,dhz,
19610002,宁波平方和投资管理合伙企业（有限合伙）,20191018,20200602,,63159284-X,销户,,中国北京市海淀区清华科技园D座1201C,第三交易中心,,,,法人,1001____01[总部公共部-公共维护-__-__-ctp],zcb3,dhz,
19610003,深圳前海无量资本管理有限公司,20191206,,13297940337,914403001017814402,正常,,中国广东省深圳市福田区金田路2028号皇岗商务中心902,第三交易中心,,,,法人,1001____01[总部公共部-公共维护-__-__-ctp],zcb3,,
19610005,民生博海资本管理有限公司,20191204,,18670721996,MA1G5HCG-4,只可平仓,,中国上海市浦东新区东方路971号钱江大厦1203室,第三交易中心,,,胡天存,法人,1001__cm01[总部公共部-公共维护-__-范溪-ctp],v6s9010002,,
19610006,深圳市民博商贸有限公司,20191209,,13026625080,MA5FG1X3-4,只可平仓,,中国广东省深圳市福田区沙头街道天安社区泰然九路盛唐商务大厦东座1402,第三交易中心,,,孙波,法人,1001____01[总部公共部-公共维护-__-__-ctp],ywf,,
19627008,上海千象资产管理有限公司,20191015,,0,91320000704041011J,只可平仓,,中国上海市浦东新区福山路500号城建国际中心602单元,第三交易中心,,,,法人,2701____29[杭州营业部-公共维护-__-__-CTP-自有资金],zyy1,,
19628001,上海锐天投资管理有限公司,20190712,20191217,,91150000701463155D,销户,,中国上海市徐汇区龙兰路277号东航滨江中心2号楼805,第三交易中心,,,,法人,4101____01[广东分公司-公共维护-__-__-ctp],zcb3,dhz,
19910001,民生期货有限公司,20191224,,,63159284X,正常,,中国北京市东城区建国内内大街28号民生金融中心A-19层,第三交易中心,,,,法人,1001__cm01[总部公共部-公共维护-__-范溪-ctp],888,,
20110001,华宝信托有限责任公司,20200325,,18602106890,19033642-8,正常,,中国上海市浦东新区自由贸易试验区世纪大道100号59层,第三交易中心,,,,法人,D106kfcm29[机构业务一部（黄长友）-营销部-机构业务一部营销黄长友-范溪-CTP-自有资金],zyy1,,
20110002,上海思勰投资管理有限公司,20200319,,13671852698,63159284X,正常,,中国上海市浦东新区福山路388号越秀大厦906室,第三交易中心,,,,法人,D106kfcm29[机构业务一部（黄长友）-营销部-机构业务一部营销黄长友-范溪-CTP-自有资金],zyy1,,
20110005,苏州工业园区华智汇金资产管理有限公司,20200518,,053255522865,91370000729246347A,只可平仓,,中国江苏省苏州市吴江区苏州工业园区苏虹东路183号东沙湖股权投资中心7栋101、201、301室,第三交易中心,,,,法人,D1__kf____[机构业务一部（黄长友）-__-机构业务一部营销黄长友-__-__],wzd2,,
20110007,上海思勰投资管理有限公司,20200527,,15900742404,MA1K379W-1,只可平仓,,中国上海市浦东新区福山路388号越秀大厦906室,第三交易中心,,,,法人,D106____01[机构业务一部（黄长友）-营销部-__-__-ctp],jykf01,,
20110017,北京佳博致远私募基金管理有限公司,20200724,,13811592757,MA290JQH-5,正常,,中国北京市朝阳区东三环中路61号富力万丽酒店裙楼5层,第三交易中心,,,,法人,400630__01[机构业务二部-营销部-营销关-__-ctp],jykf05,,
20110018,宁波恒牛佳博资产管理有限公司,20200716,20210408,15011466752,192238549,销户,,中国北京市朝阳区东三环中路61号富力万丽酒店裙楼5层,第三交易中心,,,,法人,400630__01[机构业务二部-营销部-营销关-__-ctp],jykf03,dhz,
20110019,北京佳博致远私募基金管理有限公司,20200605,,13811592757,MA290JQH-5,正常,,中国北京市朝阳区东三环中路61号富力万丽酒店裙楼5层,第三交易中心,,,,法人,400630__01[机构业务二部-营销部-营销关-__-ctp],jykf05,,
20113001,大连金石氧化锌有限公司,20200108,,13478617899,71699431-1,只可平仓,,中国辽宁省大连市金州区石河镇石河村,第三交易中心,,,王国元,法人,1306fh____[机构业务六部(李奇峰)-营销部-营销李奇峰-__-__],ylp,,
20113666,河北天汇物华供应链管理有限公司,20201231,,13810310918,MA0CM9E1-X,正常,,中国河北省秦皇岛市海港区道德街34号1616室,第三交易中心,,,刘敬,法人,1306F8__01[机构业务六部(李奇峰)-营销部-机构业务六部(李奇峰)营销黄艳-__-ctp],zbywjgglg,,
20113888,秦皇岛市恒捷塑料有限公司,20200820,,13333317579,68275198-6,只可平仓,,中国河北省秦皇岛市海港区北港镇姚周寨村西,第三交易中心,,,杜霜,法人,F402qt__01[天津3-居间-天津3居间河北天汇物华供应链管理有限公司-__-ctp],ylp,,
20115777,山西新澳迩制药有限公司,20200325,,18635942016,MA0KDCEB-8,只可平仓,,中国山西省运城市临猗县高新工业园区489号东,第三交易中心,,,徐涓,法人,0206__ye__[运城营业部-营销部-__-运城王彪峰开发-__],wzd2,,
20122001,大连布兰克商贸有限公司,20200108,,13555999373,05112149-4,只可平仓,,中国辽宁省大连市中山区上海路4号15层C3号,第三交易中心,,,张丽,法人,3506iz____[大连分公司-营销部-大连李健-__-__],zyh2,,
20126003,北京蓝色天际投资有限责任公司,20200228,,18610476221,20196194-0,正常,,中国北京市朝阳区西大望路63号传奇星广场10号,第三交易中心,,,,法人,4002hj__29[机构业务二部-居间-北京居间杨海龙-__-CTP-自有资金],zyy1,,
20126008,北京金大虎资本管理有限公司,20200113,20210203,13811134962,63159284-X,销户,,中国北京市大兴区亦庄开发区地盛北街1号北工大软件园18号楼云基地9层,第三交易中心,,,,法人,4006__c701[机构业务二部-营销部-__-北京营销陈能镇-ctp],ywf,dhz,
20127999,杭州南象资产管理有限公司,20200813,,,10178144-0,正常,,中国浙江省杭州市西湖区求是路8号公元大厦北楼1201室,第三交易中心,,,,法人,2706bk__01[杭州营业部-营销部-杭州营业部钱睿清-__-ctp],yl,,
20128001,横琴广金美好基金管理有限公司,20200113,,020-66606689,91150000701463155D,正常,,中国广东省广州市珠江东路30号广州银行大厦2201,第三交易中心,,,,法人,4106h4__29[广东分公司-营销部-广东分营销黄友良-__-CTP-自有资金],zyy1,,
20128002,珠海格林顿资产管理有限公司,20200305,,18620561001,10178144-0,正常,,中国广东省广州市天河区花城大道68号,第三交易中心,,,,法人,4106h4__29[广东分公司-营销部-广东分营销黄友良-__-CTP-自有资金],zyy1,,
20128006,厦门宁水投资管理有限公司,20200529,20210309,15396259436,63159284-X,销户,,中国福建省厦门市思明区环岛东路1811号中航紫金广场B座1702单元,第三交易中心,,,,法人,410667__01[广东分公司-营销部-广东分营销林佳桦-__-ctp],xyq2,dhz,
20128008,厦门宁水投资管理有限公司,20200612,20210329,15396259436,63159284-X,销户,,中国福建省厦门市思明区环岛东路1811号中航紫金广场B座1702单元,第三交易中心,,,,法人,410667__01[广东分公司-营销部-广东分营销林佳桦-__-ctp],xyq2,dhz,
20128009,珠海格林顿资产管理有限公司,20200916,,18620561001,19223854-9,正常,,中国广东省广州市天河区花城大道68号环球都会广场1101室,第三交易中心,,,,法人,4106h4__01[广东分公司-营销部-广东分营销黄友良-__-ctp],xyq2,,
20128068,深圳t海恒航资产管理有限责任公司,20200630,,18118569906,34988850-8,只可平仓,,中国广东省佛山市南海区桂城平洲嘉邦国金中心2座1001室,第三交易中心,,,,法人,4102qd__01[广东分公司-居间-广东居间关惠盈-__-ctp],jykf03,,
20128088,广东金商科技发展有限公司,20200303,20210420,18038808866,MA5CRW3X-0,销户,,中国广东省广州市天河区天河北路179号第21层F003房号,第三交易中心,,,刘晓智,法人,4106h4__01[广东分公司-营销部-广东分营销黄友良-__-ctp],xyq2,dhz,
20128128,广东远通电子商务有限公司,20200925,,18188807869,MA9UPUMU-4,正常,,中国广东省广州市南沙区创景街7号1210房,第三交易中心,,,胡文,法人,410667____[广东分公司-营销部-广东分营销林佳桦-__-__],jykf03,,
20128168,深圳前海点石成金股权投资合伙企业(有限合伙),20200630,,15627733101,35929700-7,只可平仓,,中国广东省佛山市南海区桂城夏南路61号创越时代创意产业园2座6楼全层,第三交易中心,,,谭宏伟,法人,4106h4__01[广东分公司-营销部-广东分营销黄友良-__-ctp],xyq2,,
20128188,深圳纽富斯投资管理有限公司,20200826,20210713,,192238549,销户,,中国广东省广州市天河区珠江东路6号周大福金融中心1703、04室,第三交易中心,,,,法人,410667__01[广东分公司-营销部-广东分营销林佳桦-__-ctp],xyq2,dhz,
20129001,弦高(苏州)资产管理有限公司,20200402,,18321004675,63159284-X,正常,,中国上海市浦东新区杨高南路729号陆家嘴世纪金融广场1号楼9层,第三交易中心,,,,法人,4206incm01[上海分公司-营销部-上海陈祥d-范溪-ctp],zyy1,,
20129002,深圳市福克斯投资有限公司,20201116,,15815887958,914403001017814402,正常,,中国广东省深圳市南山区侨香路智慧广场A栋2单元9楼,第三交易中心,,,,法人,4206H9__01[上海分公司-营销部-上海分营销欧柳艳-__-ctp],xsr,,
20162888,天津瑞川伟业商贸有限公司,20201204,,18630930832,78935132-5,只可平仓,,中国天津市河北区博爱道1号君临天下A座40A,第三交易中心,,,蔡军,法人,0806__jt01[天津营业部-营销部-__-天津营销孙兴睿-ctp],jykf03,,
202068001,北京怀让资产管理有限公司,20201124,,18910506623,192238549,正常,,中国北京市丰台区航丰路1号院时代财富天地3号楼1808室,第三交易中心,,,,法人,F202H3____[金融市场部-居间-金融市场部居间吴丹玲-__-__],zbyygt01,,
20210002,青岛名扬盛商贸有限公司,20200916,,15306360611,MA3QW71M-6,正常,,中国山东省潍坊市高密市周戈庄镇驻地,第三交易中心,,,徐铭钰,法人,5806b1____[产业机构业务部-营销部-营销吴朝清-__-__],jykf03,,
20215001,山西恒天成投资管理有限公司,20201119,,13754886620,91320000704041011J,正常,,中国山西省太原市山西综改示范区太原学府园区创业街27号2206室,第三交易中心,,,,法人,0202H6__01[运城营业部-居间-运城居间周春叶-__-ctp],ljw2,,
20216001,青岛八方资产管理有限公司,20200107,20210407,18669756820,15815989-8,销户,,中国山东省青岛市崂山区山东头路58号2号楼504,第三交易中心,,,,法人,0702fl__01[山东分公司-居间-机构业务一部（SZ）居间张永强-__-ctp],bx1,dhz,
20216002,青岛八方资产管理有限公司,20200409,20210407,18669756820,15815989-8,销户,,中国山东省青岛市市北区惠民路16号8-105,第三交易中心,,,,法人,0702fl__01[山东分公司-居间-机构业务一部（SZ）居间张永强-__-ctp],bx1,dhz,
20221001,山东省沂汇源粮油有限公司,20200819,,19953943557,MA3EXMHE-8,正常,,中国山东省临沂市兰山区沂蒙路与涑河北街交汇处德兴雅苑2号楼902室,第三交易中心,,,朱景霞,法人,2102A6____[郑州营业部2-居间-郑州2居间山东汇宇投资有限公司-__-__],llx,,
20221002,山东德瀚农业发展有限公司,20200824,,13562222991,MA3PA4T2-1,只可平仓,,中国山东省枣庄市滕州市北辛街道学院中路1388号腾阳丽都小区21-401室,第三交易中心,,,李冰,法人,2102dh__01[郑州营业部2-居间-郑州2居间济南逸飞投资有限公司-__-ctp],llx,,
20221111,北京易达天下资产管理有限公司,20200618,,18931570572,MA001EHE-3,正常,,中国河北省唐山市路北区融通大厦9-902,第三交易中心,,,,法人,1202sv____[唐山营业部-居间-唐山居间王鹏-__-__],yy2,,
20221345,善境君谦资产管理（北京）有限责任公司,20200410,,15501163639,33028199-2,正常,,中国北京市丰台区东货场路43号2号楼2单元1101,第三交易中心,,,,法人,1202r6__01[唐山营业部-居间-唐山居间君谦教育-__-ctp],ywf,,
20221666,广州博牛私募证券投资管理有限公司,20200729,,18027235957,63159284-X,正常,,中国广东省广州市天河区软件路17号G2栋8楼802室,第三交易中心,,,,法人,120408__01[唐山营业部-后台-唐山维护1-__-ctp],yy2,,
20221888,广州博牛私募证券投资管理有限公司,20201228,,13660085280,MA59RJ12-6,正常,,中国广东省广州市天河区软件路17号G2栋8楼802室,第三交易中心,,,,法人,120408__01[唐山营业部-后台-唐山维护1-__-ctp],yy2,,
20223001,广州市草本投资管理有限公司,20200812,,18318214484,30438915-8,正常,,中国广东省广州市天河区珠江东路16号3801房之自编05单元,第三交易中心,,,,法人,1606b2__01[包头营业部-营销部-营销张伟-__-ctp],cf1,,
20227111,华物资本投资管理有限公司,20200922,20210514,13120173600,306586163,销户,,中国北京市东城区建国门内大街18号办一22层2205,第三交易中心,,,,法人,2702E4__01[杭州营业部-居间-杭州居间李锦婷-__-ctp],jykf05,dhz,
20229002,秉昊资产管理(上海)有限公司,20201027,,15000573116,914403001017814402,正常,,中国上海市浦东新区杨高路799号3号楼25层,第三交易中心,,,,法人,4202hp__01[上海分公司-居间-上海分居间刘栩-__-ctp],xsr,,
20229003,北京久熙资产管理有限公司,20201201,,15810226765,91320000704041011J,正常,,中国北京市西城区阜外大街2号万通金融中心A座2003号,第三交易中心,,,,法人,4202id__01[上海分公司-居间-上海分居间许可-__-ctp],xsr,,
20251001,郑州巨金贸易有限公司,20200107,,18739939136,MA47QNX6-4,只可平仓,,中国河南省郑州市二七区大学北路40号行政楼附1号楼202,第三交易中心,,,王九召,法人,2002k7____[郑州营业部-居间-郑州居间刘冬-__-__],888,,
20251003,郑州市豫中铝镁装备有限公司,20200326,,15903695888,79320780-1,只可平仓,,中国河南省郑州市上街区东方明珠小区7号楼1单元202,第三交易中心,,,柴建勋,法人,2002zw____[郑州营业部-居间-郑州居间刘鹏-__-__],wzd2,,
20262999,深圳前海无名资本管理有限公司,20201118,,15222532668,91110000625909986U,正常,,中国天津市河东区创智大厦1-806,第三交易中心,,,,法人,0802hy__01[天津营业部-居间-天津营业部居间李辉-__-ctp],lyf1,,
20510001,上海歆享资产管理有限公司,20200303,,13911473205,08204676-5,只可平仓,,中国上海市静安区延安西路726号11楼I座,第三交易中心,,,,法人,1004bdcm29[总部公共部-后台-维护1-范溪-CTP-自有资金],zbyygt01,,
20510002,上海念空数据科技中心（有限合伙）,20200306,,13061974443,33240239-9,正常,,中国上海市浦东新区陆家嘴东路161号招商局大厦2412-2415室,第三交易中心,,,,法人,1004bdcm29[总部公共部-后台-维护1-范溪-CTP-自有资金],v6s9010002,,
20510003,上海格量资产管理有限公司,20200313,,18721062687,MA1G00N3-4,正常,,中国上海市浦东新区张杨路560号中融恒瑞国际大厦西楼2007室,第三交易中心,,,,法人,1004bdcm29[总部公共部-后台-维护1-范溪-CTP-自有资金],jykf03,,
20510005,昊泽致远（北京）投资管理有限公司,20200318,,15215126662,192238549,只可平仓,,中国北京市朝阳区光华路4号东方梅地亚中心A座2106室,第三交易中心,,,,法人,100451__01[总部公共部-后台-维护2-__-ctp],ywf,,
20510006,上海蒙玺投资管理有限公司,20200313,,13916369540,19223854-9,正常,,中国上海市浦东新区杨高南路799号3号楼204,第三交易中心,,,,法人,D106kf__29[机构业务一部（黄长友）-营销部-机构业务一部营销黄长友-__-CTP-自有资金],zyy1,,
20510008,昊泽致远（北京）投资管理有限公司,20200403,,18246125996,91110000625909986U,只可平仓,,中国北京市朝阳区光华路4号院1号楼18层2106,第三交易中心,,,,法人,100451__01[总部公共部-后台-维护2-__-ctp],ywf,,
20510009,因诺（上海）资产管理有限公司,20200410,,15011050788,192238549,正常,为方便客户银期出金，此CTP客户的状态已于2020年9月1日修改为正常，并且不再改回只可平仓，此客户为手动交易。,中国北京市西城区宣外大街6号庄胜广场北楼西翼816室,第三交易中心,,,,法人,1004bd__29[总部公共部-后台-维护1-__-CTP-自有资金],zyy1,,
20515001,山西昌鸿泰纺织有限公司,20200123,,15698539303,MA0HAJ9A-8,正常,,中国山西省运城市临猗县临泓路小麦原种场北,第三交易中心,,,李建荣,法人,0204y6____[运城营业部-后台-运城后台王丽娜-__-__],ljw2,,
20516001,宁波梅山保税港区元贞铭至投资管理有限公司,20200413,,18032813050,08960944-4,正常,,中国北京市朝阳区建国路91号金地中心B座9层902-906单元,第三交易中心,,,,法人,0704bs__29[山东分公司-后台-山东分公司夏冰-__-CTP-自有资金],bx1,,
20522001,哈尔滨泽深粮食贸易有限公司,20200922,,13604501902,07808538-2,只可平仓,,中国黑龙江省哈尔滨市双城市朝阳乡胜德村,第三交易中心,,,张景宏,法人,3504d9__01[大连分公司-后台-营销王晓光-__-ctp],zyh2,,
20551555,北京迪伦卡科技有限公司,20201208,,17610206789,MA01HHUL-X,正常,,中国北京市顺义区南法信宏远航城广场G座407,第三交易中心,,,刘跃柱,法人,2004ag____[郑州营业部-后台-郑州后台常永靖-__-__],zll2,,
20610001,杭州华软新动力资产管理有限公司,20200224,,18010156071,63159284X,正常,,中国北京市海淀区西三环北路87号国际财经中心C座501A,第三交易中心,,,,法人,1001____29[总部公共部-公共维护-__-__-CTP-自有资金],zyy1,,
20610002,北京悟源资产管理有限公司,20200401,20210611,,192238549,销户,,中国北京市海淀区通汇路18号常青园南里二区3-1号,第三交易中心,,,,法人,1001____01[总部公共部-公共维护-__-__-ctp],ywf,dhz,
20610003,上海锐天投资管理有限公司,20200430,20200701,13636692334,084085426,销户,,中国上海市徐汇区龙兰路277号东航滨江1号楼21层,第三交易中心,,,,法人,1001____01[总部公共部-公共维护-__-__-ctp],zyy1,dhz,
20610006,中国对外经济贸易信托有限公司,20200429,,15210306248,10000665-3,只可平仓,,中国北京市西城区复兴门内大街28号凯晨世贸中心中座F6层,第三交易中心,,,,法人,D106kf____[机构业务一部（黄长友）-营销部-机构业务一部营销黄长友-__-__],zyy1,,
20610007,深圳市弘源泰平资产管理有限公司,20200617,20210201,13500788953,63159284X,销户,,中国广东省深圳市福田区商报东路英龙商务中心1307单位,第三交易中心,,,,法人,1001____01[总部公共部-公共维护-__-__-ctp],jykf01,dhz,
20610008,深圳市弘源泰平资产管理有限公司,20200616,20210713,13500788953,63159284-X,销户,,中国广东省深圳市福田区商报东路英龙商务中心1307单位,第三交易中心,,,,法人,1001____01[总部公共部-公共维护-__-__-ctp],jykf01,dhz,
20610009,上海量金资产管理有限公司,20200702,,,33267786-X,只可平仓,,中国上海市浦东新区锦康路308号1701C,第三交易中心,,,,法人,F604Bc__01[机构业务一部（SZ）-后台-机构业务一部（SZ）后台邓瑶-__-ctp],zbyygt01,,
20610010,深圳市盛冠达资产投资有限公司,20200713,,,08775538-4,正常,,中国广东省深圳市福田区福华一路6号免税商务大厦塔楼2001-4单元,第三交易中心,,,,法人,1001____01[总部公共部-公共维护-__-__-ctp],v6s9010002,,
20610011,杭州会世资产管理有限公司,20200708,,,91320000704041011J,正常,,中国上海市浦东新区南洋泾路555号星空间4号楼908室,第三交易中心,,,,法人,460663__01[机构业务三部-营销部-营销王迪-__-ctp],jykf05,,
20610012,歌斐诺宝（上海）资产管理有限公司,20200713,,13651927952,192238549,正常,,"中国上海市杨浦区长阳路 1687 号 2 号楼",第三交易中心,,,,法人,460663__01[机构业务三部-营销部-营销王迪-__-ctp],jykf02,,
20610013,广东厚方投资管理有限公司,20200720,,13710206069,34024593-6,正常,为方便客户银期出金，此CTP客户的状态已于2020年9月1日修改为正常，并且不再改回只可平仓，此客户为手动交易。,中国广东省广州市越秀区环市东路334号市政中环大厦3301、3302、3307、3308、3309,第三交易中心,,,,法人,1001____01[总部公共部-公共维护-__-__-ctp],jykf03,,
20610015,上海念空数据科技中心(有限合伙),20200714,,,33240239-9,正常,,中国上海市浦东新区陆家嘴东路161号上海招商局大厦2412-2415,第三交易中心,,,,法人,1004bd__01[总部公共部-后台-维护1-__-ctp],v6s9010002,,
20610016,广州国邦资产管理有限公司,20200529,,18933906432,07652201-6,正常,,中国广东省广州市天河区珠江新城华夏路16号富力盈凯广场908室,第三交易中心,,,,法人,F604Bc__01[机构业务一部（SZ）-后台-机构业务一部（SZ）后台邓瑶-__-ctp],zbjgyw1gt1,,
20610017,杭州阳泽投资管理有限公司,20201105,,15821782742,91330100MA27X8UC8K,正常,,中国上海市黄浦区蒙自路757号歌斐中心35楼A17,第三交易中心,,,,法人,460663__01[机构业务三部-营销部-营销王迪-__-ctp],jykf03,,
20610018,广州国邦资产管理有限公司,20200529,20201229,18933906432,63159284X,销户,,中国广东省广州市天河区珠江新城华夏路16号富力盈凯广场908室,第三交易中心,,,,法人,D20664__01[机构业务一部（周子维）-营销部-营销周子维-__-ctp],jykf03,dhz,
20610019,上海薄发投资有限公司,20200911,,13916930537,55749851-2,只可平仓,,中国上海市长宁区天山路310号5楼E座,第三交易中心,,,,法人,4902fv__01[机构业务五部-居间-机构业务五部居间刘世敏-__-ctp],zbyygt01,,
20610020,上海品赋投资管理有限公司,20200806,,15216885505,34232095-2,只可平仓,,中国上海市浦东新区张杨路1515弄22号303室,第三交易中心,,,,法人,1001____01[总部公共部-公共维护-__-__-ctp],zbyygt01,,
20610021,杭州华软新动力资产管理有限公司,20200805,,15701281975,63159284X,正常,,中国北京市海淀区北京市海淀区西三环北路87号国际财经中心C座1301,第三交易中心,,,,法人,1001____01[总部公共部-公共维护-__-__-ctp],jykf02,,
20610022,上海念空数据科技中心(有限合伙),20200812,,,33240239-9,正常,,中国上海市浦东新区陆家嘴东路161号招商局大厦2412-2415室,第三交易中心,,,,法人,10______01[总部公共部-__-__-__-ctp],v6s9010002,,
20610023,上海鸿凯投资有限公司,20201016,,18612183709,192238549,正常,,中国上海市浦东新区松林路97弄51号,第三交易中心,,,,法人,490632__01[机构业务五部-营销部-营销李东丰-__-ctp],jykf05,,
20610025,上海鸿凯投资有限公司,20201023,,18612183709,13220921-X,正常,,中国上海市浦东新区松林路97弄51号,第三交易中心,,,,法人,490632__01[机构业务五部-营销部-营销李东丰-__-ctp],jykf03,,
20610026,北京泛涵投资管理有限公司,20200720,20210907,18910073166,39982320-0,销户,,中国北京市西城区月坛南街12号万丰怡和商务会馆3层,第三交易中心,,,,法人,1001____01[总部公共部-公共维护-__-__-ctp],v6s9010002,dhz,
20610028,顺时国际投资管理（北京）有限公司,20200720,20210412,18510802739,71093453-7,销户,,中国北京市东城区建国门南大街7号璞邸酒店D座9层906室,第三交易中心,,,,法人,490632__01[机构业务五部-营销部-营销李东丰-__-ctp],jykf05,dhz,
20610029,深圳雪杉基金管理有限公司,20200807,,13916489991,63159284-X,正常,,中国上海市浦东新区樱花路868号建工大唐国际广场A座601室,第三交易中心,,,,法人,4902yp__01[机构业务五部-居间-机构业务五部居间温欣燃-__-ctp],jykf05,,
20610030,深圳市盛冠达资产投资有限公司,20200903,,,08775538-4,只可平仓,,中国广东省深圳市深圳市福田区福华一路6号免税商务大厦塔楼2001-4单元,第三交易中心,,,,法人,1001____01[总部公共部-公共维护-__-__-ctp],v6s9010002,,
20610031,杭州龙旗科技有限公司,20200817,,15857157792,58323387-6,正常,,中国浙江省杭州市余杭区访溪路西溪艺术集合村21幢,第三交易中心,,,,法人,10______01[总部公共部-__-__-__-ctp],jykf03,,
20610032,毕方（杭州）资产管理有限公司,20200929,,18616990181,MA27YJ6M-2,正常,,中国上海市浦东新区世纪大道100号2718室,第三交易中心,,,,法人,4202Bt__01[上海分公司-居间-上海分居间上海悟豆网络科技有限责任公司-__-ctp],zbywjgglg,,
20610033,深圳佑国科技有限公司,20201116,,18010068007,MA5GCCLP-7,正常,,中国广东省深圳市南山区粤海街道麻岭社区高新中四道30号龙泰利科技大厦(海关大厦)501J-8,第三交易中心,,,穆阿楠,法人,4606t2____[机构业务三部-营销部-机构业务三部居间贾风英-__-__],jykf03,,
20610035,北京中金量化科技投资有限公司,20201119,,18618405932,914403001017814402,正常,,中国北京市朝阳区四惠大厦1010W,第三交易中心,,,,法人,4902I1__01[机构业务五部-居间-机构业务五部居间樊平-__-ctp],jykf05,,
20610036,上海思勰投资管理有限公司,20201201,,,63159284-X,正常,,中国上海市浦东新区福山路388号越秀大厦906室,第三交易中心,,,,法人,D106____01[机构业务一部（黄长友）-营销部-__-__-ctp],jykf03,,
20610039,上海薄发投资有限公司,20210107,,13916930537,91320000704041011J,正常,,中国上海市杨浦区纪念路8号1号楼305室,第三交易中心,,,,法人,4902fv__01[机构业务五部-居间-机构业务五部居间刘世敏-__-ctp],jykf05,,
20610050,深圳市盛冠达资产投资有限公司,20200921,,13501585025,08775538-4,正常,,中国广东省深圳市福田区福华一路6号免税商务大厦塔楼2001-4单元,第三交易中心,,,,法人,1001____01[总部公共部-公共维护-__-__-ctp],v6s9010002,,
20610501,金联创博普(舟山)物产有限公司,20200716,,17611378611,MA2A2MEN-8,只可平仓,,中国北京市朝阳区胜古中路企发大厦C座310,第三交易中心,,,张海源,法人,4906zm__01[机构业务五部-营销部-机构业务五部管洪志-__-ctp],jykf05,,
20610502,北京博乐供应链管理有限公司,20201022,,13716828028,30666608-3,只可平仓,,中国北京市顺义区北务镇兴务路2号,第三交易中心,,,何t,法人,490632__01[机构业务五部-营销部-营销李东丰-__-ctp],jykf05,,
20610503,北京恒雅珠宝首饰有限公司,20201211,,18601248810,MA01NTCF-1,正常,,中国北京市海淀区北洼路30号1号楼三层A319,第三交易中心,,,王远志,法人,490632____[机构业务五部-营销部-营销李东丰-__-__],jykf05,,
20620001,广西正路机械科技股份有限公司,20200427,,13878709768,69763952-4,只可平仓,,中国广西壮族自治区南宁市邕宁区五象大道东段402号1栋405号房,第三交易中心,,,归立发,法人,3001______[南宁营业部-公共维护-__-__-__],zyy1,,
20627001,上海千象资产管理有限公司,20200511,,02168753368,39875346-6,正常,,中国上海市浦东新区福山路500号城建国际中心602单元,第三交易中心,,,,法人,2701____01[杭州营业部-公共维护-__-__-ctp],yl,,
20810210,深圳市前海锐斯得金融投资有限公司,20200716,,13760107039,35926795-9,正常,,中国广东省深圳市南山区高新南七道一号奥美特大厦1902,第三交易中心,,,严凯,法人,1001____01[总部公共部-公共维护-__-__-ctp],sm,,
20810212,上海桑鹰资产管理有限公司,20200731,20210112,13636592746,63159284-X,销户,,中国上海市浦东新区长柳路58号证大立方大厦601室,第三交易中心,,,,法人,D201____01[机构业务一部（周子维）-公共维护-__-__-ctp],v6s075501,dhz,
20810216,中安鼎盛投资（深圳）有限公司,20200820,,13632756815,MA5DAHE7-5,只可平仓,,中国广东省深圳市南山区尚美科技大厦1405,第三交易中心,,,,法人,F604Bc__01[机构业务一部（SZ）-后台-机构业务一部（SZ）后台邓瑶-__-ctp],zbyygt01,,
20810219,上海呈瑞投资管理有限公司,20200907,20211022,13817468214,55596056-6,销户,,中国上海市浦东新区银城中路8号中融碧玉蓝天大厦1002室,第三交易中心,,,,法人,F604Bc__01[机构业务一部（SZ）-后台-机构业务一部（SZ）后台邓瑶-__-ctp],v6s9010002,dhz,
20810226,深圳市招金黄金营销有限公司,20201030,,18126236991,777171482,正常,,中国广东省深圳市福田区福华一路98号卓越大厦1407室,第三交易中心,,,欧阳勇,法人,F106E9____[机构事业部-营销部-营销罗贵德-__-__],v6s075501,,
20810236,上海文谛资产管理有限公司,20201028,,13861947371,MA1K36G3-6,正常,,中国江苏省南通市崇川区环城西路3号综艺大厦11楼1108室,第三交易中心,,,,法人,1001____01[总部公共部-公共维护-__-__-ctp],zbywjgglg,,
20810266,上海桑鹰资产管理有限公司,20201217,,13636592746,34239658-6,只可平仓,,中国上海市浦东新区长柳路58号证大立方大厦601室,第三交易中心,,,高勇,法人,D106kf__01[机构业务一部（黄长友）-营销部-机构业务一部营销黄长友-__-ctp],zbywjgglg,,
20810268,深圳博普科技有限公司,20201224,,13807245667,192238549,正常,,中国广东省深圳市福田区香蜜湖街道侨香路恒邦置地大厦25楼2501,第三交易中心,,,,法人,D106kf__01[机构业务一部（黄长友）-营销部-机构业务一部营销黄长友-__-ctp],v6s075501,,
20810270,上海桑鹰资产管理有限公司,20201229,20210707,13636592746,63159284-X,销户,,中国上海市浦东新区长柳路58号证大立方大厦601室,第三交易中心,,,,法人,D201____01[机构业务一部（周子维）-公共维护-__-__-ctp],v6s075501,dhz,
20810555,上海薄发投资有限公司,20200529,,,15815989-8,正常,,中国上海市长宁区天山路310号5楼E座,第三交易中心,,,,法人,4902fv__01[机构业务五部-居间-机构业务五部居间刘世敏-__-ctp],jykf01,,
20816011,青岛青石资产管理有限公司,20201211,,15521162902,MA3CGDMA-8,正常,,中国山东省青岛市山东省青岛市市南区香港中路61号阳光大厦3层303室,第三交易中心,,,,法人,0706hh__01[山东分公司-营销部-营销白雪-__-ctp],bx1,,
20851138,上海普行资产管理有限公司,20200702,,13461640280,33237253-X,只可平仓,,中国河南省郑州市金水区金水东路33号美盛中心1505室,第三交易中心,,,,法人,200609____[郑州营业部-营销部-营销马振华-__-__],jykf03,,
20910001,民生期货有限公司,20200730,,,9131000063159284XQ,正常,,中国北京市东城区建国门内大街28号民生金融中心A座19层,第三交易中心,,,,法人,10______01[总部公共部-__-__-__-ctp],zbyygt01,,
2110120001,洛阳兴茂源石化有限公司,20210909,,13633888212,MA44NN7G-1,只可平仓,,中国河南省洛阳市吉利区中原路东段,第三交易中心,,,耿保兴,法人,0306yg__01[大同营业部-营销部-大同张戮-__-ctp],zbkfbudan,,
2110150001,北京弘信达科技中心(有限合伙),20210311,,17701143888,MA01UG6W-5,只可平仓,,中国北京市丰台区怡海花园恒泰园10号楼1503号,第三交易中心,,,杨津,法人,0206yt__01[运城营业部-营销部-运城营销杨磊-__-ctp],jykf03,,
2120190001,北京嘉德利投资管理有限责任公司,20210429,,15810320677,192238549,正常,,中国北京市朝阳区将台东路将府公园北2门，优选俱乐部南侧四合院内,第三交易中心,,,,法人,0102cr__01[山西分公司-居间-山西分居间付乾玮-__-ctp],gxj2,,
2120190002,北京嘉德利投资管理有限责任公司,20210429,,15810320677,192238549,正常,,中国北京市朝阳区将台东路将府公园北2门，优选俱乐部南侧四合院内,第三交易中心,,,,法人,0102cr__01[山西分公司-居间-山西分居间付乾玮-__-ctp],jykf02,,
2130810001,南阳市信德化工有限公司,20210305,,13683987588,58436948-4,正常,,中国河南省南阳市宛城区瓦店镇工业小区,第三交易中心,,,翟全伟,法人,6303______[南阳仲景南路证券营业部-证券-__-__-__],zll2,,
2160010003,浙江龙隐投资管理有限公司,20210401,,18937272234,9131000063159284XQ,正常,,中国河南省郑州市金水区花园路21世纪社区美墅4607室,第三交易中心,,,,法人,6803____01[河南分公司（证券）-证券-__-__-ctp],zll2,,
2160100001,上海绵烁资产管理有限公司,20210209,,13916813918,32459450-3,正常,,中国上海市浦东新区灵山路1号2楼,第三交易中心,,,,法人,1001____01[总部公共部-公共维护-__-__-ctp],jykf03,,
2160100002,上海念空数据科技中心（有限合伙）,20210205,,,33240239-9,正常,,中国上海市浦东新区陆家嘴东路161号招商局大厦2412-2415室,第三交易中心,,,,法人,1001____01[总部公共部-公共维护-__-__-ctp],v6s9010002,,
2160100003,北京蓝色天际投资有限责任公司,20210319,,18610476221,10178144-0,正常,,中国北京市朝阳区西大望路63号院50幢-1层200内10,第三交易中心,,,,法人,1001____01[总部公共部-公共维护-__-__-ctp],jykf03,,
2160100005,深圳量道投资管理有限公司,20210511,,13552134984,63159284X,正常,,中国福建省厦门市湖里区高崎南五路220号航空商务广场7号楼10楼,第三交易中心,,,,法人,460663__01[机构业务三部-营销部-营销王迪-__-ctp],jykf02,,
2160100006,重庆道微投资管理有限公司,20210714,,18623097966,71093453-7,正常,,中国重庆市渝中区重庆市渝中区五一路199号4F,第三交易中心,,,,法人,460663__01[机构业务三部-营销部-营销王迪-__-ctp],zbkfbudan,,
2160100007,杭州华软新动力资产管理有限公司,20210719,,18601359361,913100001322947763,正常,,中国北京市海淀区西三环北路87号国际财经中心A座1303,第三交易中心,,,,法人,1001____01[总部公共部-公共维护-__-__-ctp],jykf02,,
2160100008,民生博海资本管理有限公司,20210820,,15944717211,MA1G5HCG-4,正常,,中国北京市东城区建国门内大街民生金融中心19层,第三交易中心,,,,法人,1001____01[总部公共部-公共维护-__-__-ctp],zbkfbudan,,
2160100009,上海千朔投资管理有限公司,20210915,,13482550853,9131011531225945XU,正常,,中国上海市浦东新区世纪大道1568号中建大厦1106室,第三交易中心,,,,法人,460663__01[机构业务三部-营销部-营销王迪-__-ctp],jykf02,,
2160100010,星阔（青岛）投资管理有限公司,20210910,,,63159284X,正常,,中国北京市朝阳区亮马桥路甲40号二十一世纪大厦A座8层806,第三交易中心,,,,法人,1001____01[总部公共部-公共维护-__-__-ctp],jykf02,,
2160100011,民生博海资本管理有限公司,20210924,,15944717211,MA1G5HCG-4,正常,,中国北京市东城区建国门内大街28号民生金融中心A座19层,第三交易中心,,,,法人,1001____01[总部公共部-公共维护-__-__-ctp],zbkfbudan,,
2160100012,杭州华软新动力资产管理有限公司,20211013,,13101584120,9131000063159284XQ,正常,,中国北京市海淀区西三环北路87号A座1304,第三交易中心,,,,法人,1001____01[总部公共部-公共维护-__-__-ctp],zbyygt01,,
2160160001,青岛青石资产管理有限公司,20210201,,15521162902,MA3CGDMA-8,正常,,中国山东省青岛市山东省青岛市崂山区香港东路195号上实中心9号楼703.705室,第三交易中心,,,,法人,0706hh__01[山东分公司-营销部-营销白雪-__-ctp],bx1,,
2160160002,上海向日葵投资有限公司,20210329,,13651620644,192238549,正常,,中国上海市浦东新区碧波路690号4号楼5楼,第三交易中心,,,,法人,0706hh__01[山东分公司-营销部-营销白雪-__-ctp],bx1,,
2160160003,青岛青石资产管理有限公司,20210322,,15521162902,MA3CGDMA-8,正常,,中国山东省青岛市山东省青岛市崂山区香港东路195号上实中心9号楼703.705室,第三交易中心,,,,法人,0706hh__01[山东分公司-营销部-营销白雪-__-ctp],bx1,,
2160160005,青岛石岭私募基金管理有限公司,20210510,,18866296899,63159284X,正常,,中国山东省青岛市山东省青岛市崂山区株洲路20号海信创智谷3号楼A座702,第三交易中心,,,,法人,0706hh__01[山东分公司-营销部-营销白雪-__-ctp],bx1,,
2160160006,青岛青石资产管理有限公司,20210421,,15521162902,MA3CGDMA-8,正常,,中国山东省青岛市山东省青岛市崂山区香港东路195号上实中心9号楼703.705室,第三交易中心,,,,法人,0706hh__01[山东分公司-营销部-营销白雪-__-ctp],bx1,,
2160160007,青岛石岭私募基金管理有限公司,20210715,,18866296899,192238549,正常,,中国山东省青岛市山东省青岛市崂山区株洲路20号海信创智谷3号楼A座702,第三交易中心,,,,法人,0702Ev__01[山东分公司-居间-山东分居间王浩懿-__-ctp],bx1,,
2160160008,青岛石岭私募基金管理有限公司,20210713,,18866296899,192238549,正常,,中国山东省青岛市山东省青岛市崂山区株洲路20号海信创智谷3号楼A座702,第三交易中心,,,,法人,0702Ev__01[山东分公司-居间-山东分居间王浩懿-__-ctp],bx1,,
2160160009,青岛石岭私募基金管理有限公司,20210618,,18866296899,9131000063159284XQ,正常,,中国山东省青岛市山东省青岛市崂山区株洲路20号海信创智谷3号楼A座702,第三交易中心,,,,法人,0706hh__01[山东分公司-营销部-营销白雪-__-ctp],bx1,,
2160160010,青岛石岭私募基金管理有限公司,20210630,,18866296899,63159284-X,正常,,中国山东省青岛市山东省青岛市崂山区株洲路20号海信创智谷3号楼A座702,第三交易中心,,,,法人,0702Ev__01[山东分公司-居间-山东分居间王浩懿-__-ctp],jykf02,,
2160160011,青岛石岭私募基金管理有限公司,20210716,,18866296899,9131000063159284XQ,正常," 20210716 1-拒绝原因",中国山东省青岛市山东省青岛市崂山区株洲路20号海信创智谷3号楼A座702,第三交易中心,,,,法人,0706hh__01[山东分公司-营销部-营销白雪-__-ctp],bx1,,
2160160012,青岛石岭私募基金管理有限公司,20210709,,18866296899,63159284-X,正常,,中国山东省青岛市山东省青岛市崂山区株洲路20号海信创智谷3号楼A座702,第三交易中心,,,,法人,0702Ev__01[山东分公司-居间-山东分居间王浩懿-__-ctp],bx1,,
2160160013,青岛青石资产管理有限公司,20210702,,15521162902,192238549,正常,,中国山东省青岛市山东省青岛市崂山区香港东路195号上实中心9号楼703.705室,第三交易中心,,,,法人,0706hh__01[山东分公司-营销部-营销白雪-__-ctp],bx1,,
2160160015,青岛祝融富田投资管理有限公司,20210714,,13361248927,913702023215139824,正常,,中国山东省青岛市中国山东省青岛市市北区龙城路31号卓越世纪中心3号楼37楼,第三交易中心,,,,法人,0706hh__01[山东分公司-营销部-营销白雪-__-ctp],bx1,,
2160160016,青岛祝融富田投资管理有限公司,20210721,,13361248927,192238549,正常,,中国山东省青岛市中国山东省青岛市市北区龙城路31号卓越世纪中心3号楼37楼,第三交易中心,,,,法人,0706hh__01[山东分公司-营销部-营销白雪-__-ctp],bx1,,
2160160017,青岛祝融富田投资管理有限公司,20210809,,13361248927,15815989-8,正常,,中国山东省青岛市中国山东省青岛市市北区龙城路31号卓越世纪中心3号楼37楼,第三交易中心,,,,法人,0706hh__01[山东分公司-营销部-营销白雪-__-ctp],bx1,,
2160160018,上海量魁资产管理有限公司,20210824,,13771153691,350815488,正常,,中国上海市虹口区上海市虹口区天潼路328号星荟中心3层160室,第三交易中心,,,,法人,07______01[山东分公司-__-__-__-ctp],bx1,,
2160160019,上海量魁资产管理有限公司,20210825,,13771153691,192238549,正常,,中国上海市虹口区上海市虹口区天潼路328号星荟中心3层160室,第三交易中心,,,,法人,0701____01[山东分公司-公共维护-__-__-ctp],bx1,,
2160160020,青岛安值投资管理有限公司,20210824,,15265238699,19223854-9,正常,,中国山东省青岛市山东省青岛市崂山区香港东路195号上实中心9号楼1009室,第三交易中心,,,,法人,0706hh__01[山东分公司-营销部-营销白雪-__-ctp],bx1,,
2160160021,青岛祝融富田投资管理有限公司,20210831,,13361248927,15815989-8,正常,,中国山东省青岛市中国山东省青岛市市北区龙城路31号卓越世纪中心3号楼37楼,第三交易中心,,,,法人,0706hh__01[山东分公司-营销部-营销白雪-__-ctp],bx1,,
2160160022,上海量魁资产管理有限公司,20210927,,13771153691,91350000158159898D,正常,,中国上海市虹口区上海市虹口区天潼路328号星荟中心3层160室,第三交易中心,,,,法人,0701____01[山东分公司-公共维护-__-__-ctp],bx1,,
2160170678,凯聪（北京）投资管理有限公司,20210803,,13910523250,91320000704041011J,正常,,中国北京市朝阳区广顺北大街33号福码大厦A座7层705,第三交易中心,,,,法人,1703____01[机构业务六部-证券-__-__-ctp],jykf02,,
2160177777,中煦联合科贸（天津）有限公司,20210916,,18920038921,MA07E3TK-6,正常,,中国天津市东丽区天津自贸试验区(空港经济区)中心大道华盈大厦-606,第三交易中心,,,王羿沦,法人,F402qt____[天津3-居间-天津3居间河北天汇物华供应链管理有限公司-__-__],lyf1,,
2160200168,广西银瓴资产管理有限公司,20210628,,18577868158,10178144-0,正常,,中国广西壮族自治区南宁市南宁市青秀区金湖路59号地王国际商会中心43H号房,第三交易中心,,,,法人,3001____01[南宁营业部-公共维护-__-__-ctp],zbyygt01,,
2160230001,广州拙一资产管理有限公司,20210811,,15818874310,15815989-8,正常,,中国广东省广州市天河区华强路3号之一2813,第三交易中心,,,,法人,1602za__01[包头营业部-居间-包头营业部居间宁陶-__-ctp],cf1,,
2160230002,稀土高新区以马内利信息咨询部,20211019,,13947247680,MA0N5FGH-7,只可平仓,,中国内蒙古自治区包头市稀土高新区南壕村一区七栋底店,第三交易中心,,,张彩荣,法人,1606b2__01[包头营业部-营销部-营销张伟-__-ctp],jykf05,,
2160240001,昆明晟航投资有限公司,20210209,,13599902585,MA6NPWYH-8,只可平仓,,中国云南省昆明市西山区环城南路675号A座1304室,第三交易中心,,,李志,法人,2406k6__01[昆明营业部-营销部-昆明营销付桂玲-__-ctp],zzp,,
2160240002,昆明新创建企业管理咨询有限公司,20210427,,18669263262,MA6PE20P-7,正常,,中国云南省昆明市西山区福海街道陆家社区经典尚城经典尚苑8幢803号,第三交易中心,,,凌智童,法人,2402D6____[昆明营业部-居间-昆明居间沈吉妩-__-__],zbkfbudan,,
2160240005,上海辰钰财富投资管理有限公司,20210923,,18901710198,31215923-X,正常,,中国上海市浦东新区浦东南路1088号1706室,第三交易中心,,,,法人,2402hb__01[昆明营业部-居间-昆明营业部居间高彩云-__-ctp],zzp,,
2160240006,上海辰钰财富投资管理有限公司,20210923,,18901710198,31215923-X,正常,,中国上海市浦东新区浦东南路1088号1706室,第三交易中心,,,,法人,24______01[昆明营业部-__-__-__-ctp],zbywjgglg,,
2160240007,云南鼎业建设工程有限公司,20211104,,13769133289,79986435-1,正常,,中国云南省昆明市西山区兴苑路凯华书园综合楼2幢B单元503号,第三交易中心,,,杨永华,法人,2406k6____[昆明营业部-营销部-昆明营销付桂玲-__-__],zzp,,
2160260001,北京蓝色天际投资有限责任公司,20210119,,18610476221,914403001017814402,正常,,中国北京市朝阳区西大望路63号院50幢-1层200内10,第三交易中心,,,,法人,400630__01[机构业务二部-营销部-营销关-__-ctp],jykf05,,
2160260002,安徽中珏投资管理有限公司,20210512,,13349090661,15815989-8,正常,,中国安徽省合肥市包河区徽州大道与扬子江路交口东南金融港中心A5-办1314,第三交易中心,,,,法人,4006__c701[机构业务二部-营销部-__-北京营销陈能镇-ctp],jykf05,,
2160260003,安徽景曦资产管理有限公司,20210825,,18214703307,91340100348818276L,正常,,中国安徽省合肥市庐阳区财富广场c座601,第三交易中心,,,,法人,4006__c701[机构业务二部-营销部-__-北京营销陈能镇-ctp],jykf05,,
2160270006,宁波梅山保税港区领投资产管理有限公司,20210309,,18395877551,914403001017814402,正常,,中国浙江省宁波市鄞州区吉来商业中心12B06,第三交易中心,,,,法人,2702gl__01[杭州营业部-居间-杭州居间徐盼-__-ctp],yl,,
2160270008,宁波梅山保税港区领投资产管理有限公司,20210304,,18395877551,914403001017814402,正常,,中国浙江省宁波市北仑区梅山大道商务中心十八号办公楼210室,第三交易中心,,,,法人,2702gl__01[杭州营业部-居间-杭州居间徐盼-__-ctp],yl,,
2160278888,杭州舜天贸易有限公司,20210811,,13958103268,MA2AXAAL-2,只可平仓,,中国浙江省杭州市上城区西湖大道1号外海西湖国贸1207室,第三交易中心,,,何健,法人,2706bk__01[杭州营业部-营销部-杭州营业部钱睿清-__-ctp],zbyygt01,,
2160279999,宁波微致商贸有限公司,20211026,,13588458798,MA2H728T-8,只可平仓,,中国浙江省宁波市鄞州区姜山镇科技园区东一路,第三交易中心,,,刘健,法人,2706bk__01[杭州营业部-营销部-杭州营业部钱睿清-__-ctp],zbkfbudan,,
2160280001,珠海格林顿资产管理有限公司,20210422,,,MA4UTKUT-2,正常,,中国广东省广州市广州市天河区花城大道68号环球都会广场1101室,第三交易中心,,,,法人,4102Er__01[广东分公司-居间-广东分居间李妞-__-ctp],xyq2,,
2160280002,杭州中大君悦投资有限公司,20210426,,,192238549,正常,,中国浙江省杭州市江干区解放东路29号迪凯银座1201室,第三交易中心,,,,法人,4106gt____[广东分公司-营销部-营销谢祥华-__-__],xyq2,,
2160280006,深圳市盛冠达资产投资有限公司,20210428,,,08775538-4,正常,,中国广东省深圳市福田区福华一路6号免税商务大厦塔楼2001-4单元,第三交易中心,,,,法人,4106gt__01[广东分公司-营销部-营销谢祥华-__-ctp],v6s9010002,,
2160280008,广州市裕畅盛物资有限公司,20210428,,,MA5AL8DW-6,正常,,中国广东省广州市南沙区东涌镇市鱼路178号（厂房2）之二,第三交易中心,,,陈伟佳,法人,4106h4____[广东分公司-营销部-广东分营销黄友良-__-__],xyq2,,
2160280010,广州翔云资产管理有限公司,20210528,,13824401774,63159284X,正常,,中国广东省广州市天河区马场路富力盈盛B栋1601,第三交易中心,,,,法人,4102Er__01[广东分公司-居间-广东分居间李妞-__-ctp],xyq2,,
2160280018,珠海格林顿资产管理有限公司,20210622,,13422299236,192238549,正常,,中国广东省广州市天河区花城大道68号环球都会广场1101室,第三交易中心,,,,法人,4102Er__01[广东分公司-居间-广东分居间李妞-__-ctp],xyq2,,
2160280019,深圳前海融健基金管理有限公司,20210803,,13929937148,15815989-8,正常," 20210803 1-拒绝原因",中国广东省佛山市禅城区岭南大道北121号东江国际大酒店十楼,第三交易中心,,,,法人,4106Gj__01[广东分公司-营销部-广东分公司营销韦柱光-__-ctp],xyq2,,
2160280020,深圳健泰一号投资合伙企业（有限合伙）,20210730,,13929937148,35877985-6,只可平仓,,中国广东省佛山市禅城区岭南大道北121号东江国际大酒店十楼,第三交易中心,,,陈蕴苑,法人,4106Gj__01[广东分公司-营销部-广东分公司营销韦柱光-__-ctp],xyq2,,
2160280021,上海思勰投资管理有限公司,20210804,,13671852698,63159284-X,正常,,中国上海市浦东新区世纪大道1568号中建大厦6层,第三交易中心,,,,法人,4106gt__01[广东分公司-营销部-营销谢祥华-__-ctp],xyq2,,
2160280022,佛山市天泽恒源金属材料有限公司,20210806,,13702822981,MA545XM3-1,只可平仓,,中国广东省佛山市顺德区容桂红星居委会桂州大道中61号新翼银座大楼三座401之一,第三交易中心,,,陈荣,法人,4106fe__01[广东分公司-营销部-广东分营销胡照伟-__-ctp],xyq2,,
2160280023,湖南厚朴量化信息科技有限公司,20210817,,19102050136,MA4QDP6Q-8,只可平仓,,中国湖南省长沙市天心区芙蓉南路二段390号悦动商业广场A座518房,第三交易中心,,,陈长耀,法人,4106fe__01[广东分公司-营销部-广东分营销胡照伟-__-ctp],jykf02,,
2160280026,佛山市绿虔建筑工程有限公司,20210910,,18689291170,MA53RCB6-8,只可平仓,,中国广东省佛山市顺德区容桂新翼银座3座603,第三交易中心,,,黎浩贤,法人,4102Ld__01[广东分公司-居间-广东分公司居间谭永波-__-ctp],zbkfbudan,,
2160280028,深圳融健二号投资合伙企业（有限合伙）,20211101,,13929937148,MA5DA68W-1,只可平仓,,中国广东省佛山市禅城区岭南大道北121号东江国际大酒店十楼,第三交易中心,,,陈蕴苑,法人,4106Gj__01[广东分公司-营销部-广东分公司营销韦柱光-__-ctp],v6s9010002,,
2160281068,珠海格林顿资产管理有限公司,20210908,,13422299236,MA4UTKUT2,正常,,中国广东省广州市天河区花城大道68号环球都会广场1101室,第三交易中心,,,,法人,4106h4__01[广东分公司-营销部-广东分营销黄友良-__-ctp],xyq2,,
2160281088,深圳前海鲲腾私募证券基金管理有限公司,20211014,,,91320000704041011J,正常,,中国广东省深圳市福田区深南大道7006号万科富春东方大厦1909,第三交易中心,,,,法人,4106gt__01[广东分公司-营销部-营销谢祥华-__-ctp],xyq2,,
2160282105,广州开东粮油食品有限公司,20210712,,13322819120,MA9W5KUW-7,正常,,中国广东省广州市番禺区中铁诺德中心D区607,第三交易中心,,,戴志强,法人,4106h4____[广东分公司-营销部-广东分营销黄友良-__-__],xyq2,,
2160282888,广东兰欧能源有限公司,20210414,,18188807869,MA9UPGK7-5,正常,,中国广东省广州市南沙区双山大道7号2316房,第三交易中心,,,兰代杰,法人,410667____[广东分公司-营销部-广东分营销林佳桦-__-__],zbkfbudan,,
2160286688,广州方程式建筑装饰工程有限公司,20210817,,13022009899,34744391-9,只可平仓,,中国广东省广州市白云区同和白水塘南街三巷20号,第三交易中心,,,黄海峰,法人,4102E1__01[广东分公司-居间-广东居间黄凌洪-__-ctp],xyq2,,
2160287899,广东联钢薄板有限公司,20211104,,13902855178,75287185-3,正常,,中国广东省佛山市三水区乐平镇中油大道6号之二（F1、F6、F7）、之三（F2、F3、F4、F5）,第三交易中心,,,黄劲辉,法人,4106Gj____[广东分公司-营销部-广东分公司营销韦柱光-__-__],xyq2,,
2160288801,广州香元私募证券投资管理合伙企业（有限合伙）,20211013,,18688410555,91110000781703453H,正常,,中国广东省广州市番禺区大石街石北工业路210号天睿7号楼101复式自编1201,第三交易中心,,,,法人,4106h4____[广东分公司-营销部-广东分营销黄友良-__-__],xyq2,,
2160288802,广州香元私募证券投资管理合伙企业（有限合伙）,20211015,,18688410555,91110000781703453H,正常,,中国广东省广州市番禺区大石街石北工业路210号天睿7号楼101复式自编1201,第三交易中心,,,,法人,4106h4____[广东分公司-营销部-广东分营销黄友良-__-__],xyq2,,
2160288803,广州香元私募证券投资管理合伙企业（有限合伙）,20211014,,,91110000781703453H,正常,,中国广东省广州市番禺区大石街石北工业路210号天睿7号楼101复式自编1201,第三交易中心,,,,法人,4106h4____[广东分公司-营销部-广东分营销黄友良-__-__],xyq2,,
2160291001,浙江嘉鸿资产管理有限公司,20210122,,,MA2AY2N2-3,正常,,中国上海市浦东新区源深路1088号平安财富大厦西楼403室,第三交易中心,,,,法人,4206li__01[上海分公司-营销部-上海营销王洪宇-__-ctp],xsr,,
2160291002,浙江嘉鸿资产管理有限公司,20210125,,,91440300727139126J,正常,,中国上海市浦东新区源深路1088号平安银行大厦西楼403室,第三交易中心,,,,法人,4206li__01[上海分公司-营销部-上海营销王洪宇-__-ctp],xsr,,
2160291003,格林基金管理有限公司,20210325,,13811169692,MA00998M-1,正常,,中国北京市朝阳区东三环中路5号财富金融中心58层4-6单元,第三交易中心,,,,法人,4206Ai__01[上海分公司-营销部-上海营销徐晓翔-__-ctp],xsr,,
2160291005,华润元大基金管理有限公司,20210325,,,71788531-X,正常,,中国广东省深圳市前海深港合作区南山街道兴海大道3040号前海世贸金融中心二期1栋2103-2105单元,第三交易中心,,,,法人,4206Ai____[上海分公司-营销部-上海营销徐晓翔-__-__],xsr,,
2160291006,民生证券股份有限公司,20210419,,,10178144-0,正常,,中国上海市浦东新区世纪大道1168号B座2101、2104A室,第三交易中心,,,,法人,4206in____[上海分公司-营销部-上海陈祥d-__-__],xsr,,
2160291007,浙江嘉鸿资产管理有限公司,20210415,,,15815989-8,正常,,中国上海市浦东新区源深路1088号平安财富大厦西楼403室,第三交易中心,,,,法人,4206li__01[上海分公司-营销部-上海营销王洪宇-__-ctp],xsr,,
2160291008,浙江嘉鸿资产管理有限公司,20210416,,,15815989-8,正常,,中国上海市浦东新区源深路1088号平安财富大厦西楼403室,第三交易中心,,,,法人,4206li__01[上海分公司-营销部-上海营销王洪宇-__-ctp],jykf03,,
2160291009,浙江嘉鸿资产管理有限公司,20210419,,,15815989-8,正常,,中国上海市浦东新区源深路1088号平安财富大厦西楼403室,第三交易中心,,,,法人,4206li__01[上海分公司-营销部-上海营销王洪宇-__-ctp],xsr,,
2160291010,北京久熙资产管理有限公司,20210426,,18600290582,914403001017814402,正常,,中国北京市西城区阜外大街2号万通金融中心A座2003号,第三交易中心,,,,法人,4202id__01[上海分公司-居间-上海分居间许可-__-ctp],jykf03,,
2160291011,上海呈瑞投资管理有限公司,20210629,,18817827486,63159284-X,正常,,中国上海市浦东新区上海市浦东新区银城中路8号1006室,第三交易中心,,,,法人,4206li__01[上海分公司-营销部-上海营销王洪宇-__-ctp],shfgsgt01,,
2160350001,致相投资（平潭）有限公司,20210325,,14752693193,MA34CYCW-2,只可平仓,,中国北京市朝阳区建国门外大街19号国际大厦12层01,第三交易中心,,,郑江桥,法人,8403____01[北京长虹桥证券营业部-证券-__-__-ctp],v6s9010002,,
2160380001,西安蒙特卡罗基金管理有限公司,20210827,,18191752778,15815989-8,正常,,中国陕西省西安市哄鄙态区欧亚大道1188号,第三交易中心,,,,法人,7703____01[西安分公司（证券）-证券-__-__-ctp],ljw2,,
2160470001,深圳锦洋投资基金管理有限公司,20210722,,13609791948,91440300319360219Q,正常,,中国广东省广州市天河区兴民路222号天盈广场西塔1203,第三交易中心,,,,法人,9503____01[佛山分公司（证券）-证券-__-__-ctp],zbkfbudan,,
2160510001,南阳兴科商贸有限责任公司,20210311,,13333606168,MA47XKU5-7,正常,,中国河南省南阳市卧龙区车站南路198号卫校对面,第三交易中心,,,张延江,法人,2002h9____[郑州营业部-居间-郑州居间陈-__-__],zll2,,
2160510005,河南恒纯实业有限公司,20210910,,18838996770,MA45AE4J-2,正常,,中国河南省郑州市郑东新区建正东方中心C座1805,第三交易中心,,,杨晓卫,法人,20____59__[郑州营业部-__-__-11-__],zll2,,
2160510006,深圳市前海金柏利投资发展有限公司,20210609,,17638109863,913100003244445565,正常,,中国河南省郑州市金水区金水东路永和国际广场B区611,第三交易中心,,,,法人,2002av____[郑州营业部-居间-郑州居间王宁-__-__],zll2,,
2160510007,山西融秋教育发展有限公司,20211110,,13835980000,MA0MA0JM-2,只可平仓,,中国山西省运城市夏县禹王镇太三路南原特种设备厂内,第三交易中心,,,王发贵,法人,200618__01[郑州营业部-营销部-郑州营销滑g桀-__-ctp],zll2,,
2160511111,山西龙宝科技有限公司,20210715,,19935823833,MA0LEAT2-0,正常,,中国山西省运城市盐湖区解州镇东门口外地磷路原九龙潜水电机有限公司院内,第三交易中心,,,任武贤,法人,2002Fm____[郑州营业部-居间-郑州居间李楠-__-__],zll2,,
2160516666,新疆圣鑫泰达商贸有限公司,20210423,,18963811117,06884409-0,正常,,中国新疆维吾尔自治区乌鲁木齐市经济技术开发区头屯河区铁金街119号新疆北方钢铁国际物流园8号楼5层01室,第三交易中心,,,韩彬,法人,2002dm____[郑州营业部-居间-郑州居间韩旭-__-__],zbkfbudan,,
2160530001,北京维英资本管理有限公司,20210223,,13239773676,91110000781703453H,正常,,中国北京市朝阳区建国门外郎家园10号49号楼3层320,第三交易中心,,,,法人,490632__01[机构业务五部-营销部-营销李东丰-__-ctp],jykf05,,
2160530002,上海薄发投资有限公司,20210318,,13916930537,55749851-2,正常,,中国上海市杨浦区纪念路8号1号楼305室,第三交易中心,,,,法人,490632__01[机构业务五部-营销部-营销李东丰-__-ctp],zbywjgglg,,
2160530003,北京顺天诚通商贸有限责任公司,20210329,,13911183683,73821676-4,正常,,中国北京市顺义区北务镇府前街8号,第三交易中心,,,何险峰,法人,490632____[机构业务五部-营销部-营销李东丰-__-__],v6s9010002,,
2160530005,上海富善投资有限公司,20210804,,15800652892,19223854-9,正常,,中国上海市浦东新区世纪大道1600号陆家嘴商务广场2413-2414室,第三交易中心,,,,法人,4906bx__01[机构业务五部-营销部-机构五部营销董荣强-__-ctp],jykf05,,
2160530006,上海薄发投资有限公司,20210805,,13916930537,63159284-X,正常,,中国上海市杨浦区纪念路8号1号楼305室,第三交易中心,,,,法人,4902fv__01[机构业务五部-居间-机构业务五部居间刘世敏-__-ctp],jykf05,,
2160530007,北京华电纳鑫科技有限公司,20210827,,13911183683,76754393-2,正常,,中国北京市顺义区北务镇政府街9号-789,第三交易中心,,,何险峰,法人,490632____[机构业务五部-营销部-营销李东丰-__-__],jykf05,,
2160590001,秦皇岛鹏远淀粉有限公司,20210316,,18133505888,10543849-8,正常,,中国河北省秦皇岛市昌黎县龙家店镇李念坨村西,第三交易中心,,,敬继伟,法人,5802Fz____[产业机构业务部-居间-产业机构业务部居间沈阳-__-__],jykf05,,
2160590002,洮南市新友谊粮食贸易有限公司,20210419,,15944610202,69611572-9,正常,,中国吉林省白城市洮南市安定镇友谊村,第三交易中心,,,杨锐,法人,5802Fz____[产业机构业务部-居间-产业机构业务部居间沈阳-__-__],jykf05,,
2160590003,吉林省兴农农产品加工有限公司,20210422,,18244179998,MA0Y4URX-3,正常,,中国吉林省白城市洮南市长白公路通达办事处55组,第三交易中心,,,李玉柱,法人,5802fa____[产业机构业务部-居间-产业机构业务部居间王雪玲-__-__],jykf05,,
2160620888,滨海天地（天津）投资管理有限公司,20210126,,18134112397,67944139-7,正常,,中国天津市和平区曲阜道38号人寿金融中心2605,第三交易中心,,,,法人,0806e4__01[天津营业部-营销部-天津营销高世阳-__-ctp],jykf03,,
2160627777,河北科远建烨科技有限公司,20211026,,15027562777,MA0FBY6D-8,正常,,中国河北省唐山市迁安市上庄镇平林镇村东,第三交易中心,,,董洪雪,法人,0802ie____[天津营业部-居间-天津居间张建-__-__],lyf1,,
2161020001,杭州会世资产管理有限公司,20210127,,,MA2B0TAE-8,正常,,中国上海市浦东新区南洋泾路555号星空间4号楼908室,第三交易中心,,,,法人,D106kf__01[机构业务一部（黄长友）-营销部-机构业务一部营销黄长友-__-ctp],jykf02,,
2161020002,深圳固禾私募证券基金管理有限公司,20210209,,,35914735-9,只可平仓,,中国广东省深圳市深圳市南山区粤海街道海珠社区滨海大道3099号柏宁花园2栋E-22E,第三交易中心,,,,法人,D106kf__01[机构业务一部（黄长友）-营销部-机构业务一部营销黄长友-__-ctp],v6s9010002,,
2161020003,深圳前海博普资产管理有限公司,20210210,,13828838494,192238549,正常,,中国广东省深圳市福田区香蜜湖街道侨香路恒邦置地大厦25楼2501,第三交易中心,,,,法人,D106J7__01[机构业务一部（黄长友）-营销部-机构一部（黄长友）居间唐成-__-ctp],v6s075501,,
2161020005,上海远澜信息技术有限公司,20210302,,13901706687,57584325-2,正常,,中国上海市徐汇区龙田路190号1栋5楼,第三交易中心,,,,法人,D106kf__01[机构业务一部（黄长友）-营销部-机构业务一部营销黄长友-__-ctp],zbywjgglg,,
2161020006,深圳市泰德嘉禾投资有限公司,20210305,,13316921695,30586572-6,正常,,中国广东省深圳市南山区科苑路讯美科技广场2号楼7楼712室,第三交易中心,,,,法人,F604Bc__01[机构业务一部（SZ）-后台-机构业务一部（SZ）后台邓瑶-__-ctp],zbjgyw1gt1,,
2161020007,深圳市泰德嘉禾投资有限公司,20210318,20210824,13316921695,30586572-6,销户,,中国广东省深圳市南山区科苑路讯美科技广场2号楼7楼712室,第三交易中心,,,,法人,F604Bc__01[机构业务一部（SZ）-后台-机构业务一部（SZ）后台邓瑶-__-ctp],v6s9010002,dhz,
2161020008,深圳含金量私募证券投资基金管理有限公司,20210401,,18682285102,35876128-5,正常,,中国广东省深圳市福田区现代国际大厦1606号,第三交易中心,,,,法人,F604Bc__01[机构业务一部（SZ）-后台-机构业务一部（SZ）后台邓瑶-__-ctp],zbjgyw1gt1,,
2161020009,横琴均成资产管理有限公司,20210525,,13172728029,192238549,正常,,中国广东省深圳市南山区地质大学产学研基地二楼科技寺创业空间,第三交易中心,,,,法人,D102Dg__01[机构业务一部（黄长友）-居间-机构业务一部（黄长友）居间马柱波-__-ctp],v6s075501,,
2161025005,深圳前海方圆资本管理有限公司,20210922,,,192238549,正常,,中国广东省深圳市福中三路1006号诺德中心D2,第三交易中心,,,,法人,F6______01[机构业务一部（SZ）-__-__-__-ctp],jykf02,,
2161025006,深圳前海方圆资本管理有限公司,20210922,,,192238549,正常,,中国广东省深圳市深圳市福田区福中三路1006号诺德中心D2,第三交易中心,,,,法人,F6______01[机构业务一部（SZ）-__-__-__-ctp],jykf02,,
2161025008,深圳前海晟通资产管理有限公司,20211027,,,35956200-X,正常,,中国广东省深圳市南山区科苑南路3099号中国储能大厦13层A25,第三交易中心,,,,法人,91______01[深圳深南大道科技园证券营业部-__-__-__-ctp],zbjgyw1gt1,,
2161025111,广州和元达量化私募证券投资管理有限公司,20210901,,,34990902-2,正常,,中国广东省广州市天河区花城大道85号高德置地春广场A座3206A单元,第三交易中心,,,,法人,F604Bc__01[机构业务一部（SZ）-后台-机构业务一部（SZ）后台邓瑶-__-ctp],jykf02,,
2161025666,深圳固禾私募证券基金管理有限公司,20210923,,,35914735-9,正常,,中国广东省深圳市粤海街道海珠社区滨海大道3099号柏宁花园2栋E-22E,第三交易中心,,,,法人,F604Bc__01[机构业务一部（SZ）-后台-机构业务一部（SZ）后台邓瑶-__-ctp],zbjgyw1gt1,,
2161027777,上海也正资产管理有限公司,20210525,20210721,13858662997,91440300727139126J,销户,,中国浙江省台州市温岭市万昌中路1333号创业大厦1幢2302,第三交易中心,,,,法人,F602______[机构业务一部（SZ）-居间-__-__-__],v6s075501,dhz,
2161050001,上海量魁资产管理有限公司,20210319,,13771153691,192238549,正常,,中国上海市虹口区天潼路328号星荟中心3层160室,第三交易中心,,,,法人,D903____01[无锡分公司（证券）-证券-__-__-ctp],jykf03,,
2180040013,鹤壁市福田投资有限公司,20210901,,13193486663,75710673-9,只可平仓,,中国河南省鹤壁市淇滨区鹤煤大道143号办公楼11层1112、1113、1115室,第三交易中心,,,李轩,法人,7903____01[鹤壁淇滨大道证券营业部-证券-__-__-ctp],zbkfbudan,,
2191000001,民生期货有限公司,20210629,,,911100001000229601,正常,,中国北京市东城区建国门内大街28号民生金融中心A座19层,第三交易中心,,,,法人,1001____01[总部公共部-公共维护-__-__-ctp],jykf02,,
2191000002,民生期货有限公司,20210720,,,10002296-0,正常,,中国北京市东城区建国门内大街28号民生金融中心A座19层,第三交易中心,,,,法人,1001____01[总部公共部-公共维护-__-__-ctp],jykf02,,
2295,天津港保税区敦安贸易发展有限公司,,20091029,,,销户,,中国,第三交易中心,,,,法人,0801______[天津营业部-公共维护-__-__-__],,bgm,
4609,大连金特服装有限公司,,20091029,,,销户,,2003.04.04,第三交易中心,,,,法人,0101______[山西分公司-公共维护-__-__-__],,bgm,
62558,天津泉塑化工商贸有限公司,20070730,,,00000000-0,只可平仓,2007.7.30开户,天津市南开区第三大街9号银河大厦3-401,第三交易中心,,,张朝刚,法人,0801______[天津营业部-公共维护-__-__-__],,,
8119503,大同同安电线电缆有限责任公司,20080904,20180820,18636219500,81039473-4,销户,,中国山西省大同市新平旺胜北街3号,第三交易中心,,,秦泽太,法人,0106904603[山西分公司-营销部-营销一部-太原侯方团队-侯方开发],wzd2,xn1,
